{
  "default": {
    "searchDefault": "Google",
    "visibleDefaultEngines": [
      "google-b-m", "bing", "ddg", "ebay", "wikipedia"
    ]
  },
  "regionOverrides": {
    "US": {
      "google-b-m": "google-b-1-m"
    }
  },
  "locales": {
    "ach": {
      "default": {
        "visibleDefaultEngines": [
          "google-b-m", "bing", "wikipedia"
        ]
      }
    },
    "an": {
      "default": {
        "visibleDefaultEngines": [
          "google-b-m", "bing", "ebay", "wikipedia-an"
        ]
      }
    },
    "ar": {
      "default": {
        "visibleDefaultEngines": [
          "google-b-m", "bing", "ebay", "wikipedia-ar"
        ]
      }
    },
    "as": {
      "default": {
        "visibleDefaultEngines": [
          "google-b-m", "bing", "wikipedia-as"
        ]
      }
    },
    "ast": {
      "default": {
        "visibleDefaultEngines": [
          "google-b-m", "bing", "ebay", "wikipedia-ast"
        ]
      }
    },
    "az": {
      "default": {
        "visibleDefaultEngines": [
          "google-b-m", "azerdict", "bing", "ddg", "wikipedia-az"
        ]
      }
    },
    "be": {
      "default": {
        "visibleDefaultEngines": [
          "google-b-m", "bing", "ddg", "wikipedia-be"
        ]
      },
      "BY": {
        "visibleDefaultEngines": [
          "google-com-nocodes", "bing", "ddg", "wikipedia-be"
        ]
      },
      "KZ": {
        "visibleDefaultEngines": [
          "google-com-nocodes", "bing", "ddg", "wikipedia-be"
        ]
      },
      "RU": {
        "visibleDefaultEngines": [
          "google-com-nocodes", "bing", "ddg", "wikipedia-be"
        ]
      },
      "TR": {
        "visibleDefaultEngines": [
          "google-com-nocodes", "bing", "ddg", "wikipedia-be"
        ]
      }
    },
    "bg": {
      "default": {
        "visibleDefaultEngines": [
          "google-b-m", "bing", "wikipedia-bg"
        ]
      }
    },
    "bn-BD": {
      "default": {
        "visibleDefaultEngines": [
          "google-b-m", "bing", "ddg", "wikipedia-bn"
        ]
      }
    },
    "bn-IN": {
      "default": {
        "visibleDefaultEngines": [
          "google-b-m", "bing", "wikipedia-bn"
        ]
      }
    },
    "br": {
      "default": {
        "visibleDefaultEngines": [
          "google-b-m", "bing", "ebay", "wikipedia-br"
        ]
      }
    },
    "bs": {
      "default": {
        "visibleDefaultEngines": [
          "google-b-m", "bing", "ebay", "wikipedia-bs"
        ]
      }
    },
    "ca": {
      "default": {
        "visibleDefaultEngines": [
          "google-b-m", "ebay", "wikipedia-ca"
        ]
      }
    },
    "cak": {
      "default": {
        "visibleDefaultEngines": [
          "google-b-m", "ddg", "wikipedia-es"
        ]
      }
    },
    "cs": {
      "default": {
        "visibleDefaultEngines": [
          "google-b-m", "bing", "ddg", "mapy-cz", "seznam-cz", "wikipedia-cz"
        ]
      }
    },
    "cy": {
      "default": {
        "visibleDefaultEngines": [
          "google-b-m", "bing", "ddg", "wikipedia-cy"
        ]
      }
    },
    "da": {
      "default": {
        "visibleDefaultEngines": [
          "google-b-m", "ebay", "wikipedia-da"
        ]
      }
    },
    "de": {
      "default": {
        "visibleDefaultEngines": [
          "google-b-m", "bing", "ddg", "ebay-de", "ecosia", "qwant", "wikipedia-de"
        ]
      }
    },
    "dsb": {
      "default": {
        "visibleDefaultEngines": [
          "google-b-m", "bing", "ebay", "wikipedia-dsb"
        ]
      }
    },
    "el": {
      "default": {
        "visibleDefaultEngines": [
          "google-b-m", "bing", "ebay", "wikipedia-el"
        ]
      }
    },
    "en-GB": {
      "default": {
        "visibleDefaultEngines": [
          "google-b-m", "bing", "ddg", "ebay-co-uk", "qwant", "wikipedia"
        ]
      },
      "BY": {
        "visibleDefaultEngines": [
          "google-com-nocodes", "bing", "ddg", "qwant", "wikipedia"
        ]
      },
      "KZ": {
        "visibleDefaultEngines": [
          "google-com-nocodes", "bing", "ddg", "qwant", "wikipedia"
        ]
      },
      "RU": {
        "visibleDefaultEngines": [
          "google-com-nocodes", "bing", "ddg", "qwant", "wikipedia"
        ]
      },
      "TR": {
        "visibleDefaultEngines": [
          "google-com-nocodes", "bing", "ddg", "qwant", "wikipedia"
        ]
      }
    },
    "en-RU": {
      "default": {
        "visibleDefaultEngines": [
            "google-com-nocodes", "ebay", "wikipedia-ru"
        ]
      },
      "BY": {
        "visibleDefaultEngines": [
            "google-com-nocodes", "ebay", "wikipedia-ru"
        ]
      },
      "KZ": {
        "visibleDefaultEngines": [
            "google-com-nocodes", "ebay", "wikipedia-ru"
        ]
      },
      "RU": {
        "visibleDefaultEngines": [
            "google-com-nocodes", "ebay", "wikipedia-ru"
        ]
      },
      "TR": {
        "visibleDefaultEngines": [
            "google-com-nocodes", "ebay", "wikipedia-ru"
        ]
      }
    },
    "en-US": {
      "default": {
        "visibleDefaultEngines": [
          "google-b-m", "bing", "ddg", "ebay", "wikipedia"
        ]
      },
      "BY": {
        "visibleDefaultEngines": [
          "google-com-nocodes", "bing", "ddg", "ebay", "wikipedia"
        ]
      },
      "KZ": {
        "visibleDefaultEngines": [
          "google-com-nocodes", "bing", "ddg", "ebay", "wikipedia"
        ]
      },
      "RU": {
        "visibleDefaultEngines": [
          "google-com-nocodes", "bing", "ddg", "ebay", "wikipedia"
        ]
      },
      "TR": {
        "visibleDefaultEngines": [
          "google-com-nocodes", "bing", "ddg", "ebay", "wikipedia"
        ]
      },
      "experimental-hidden": {
        "visibleDefaultEngines": [
          "google-b-1-m"
        ]
      }
    },
    "en-ZA": {
      "default": {
        "visibleDefaultEngines": [
          "google-b-m", "ebay", "wikipedia"
        ]
      }
    },
    "eo": {
      "default": {
        "visibleDefaultEngines": [
          "google-b-m", "bing", "ddg", "ebay", "wikipedia-eo"
        ]
      }
    },
    "es-AR": {
      "default": {
        "visibleDefaultEngines": [
          "google-b-m", "ebay", "mercadolibre-ar", "wikipedia-es"
        ]
      }
    },
    "es-CL": {
      "default": {
        "visibleDefaultEngines": [
          "google-b-m", "bing", "ebay", "mercadolibre-cl", "wikipedia-es"
        ]
      }
    },
    "es-ES": {
      "default": {
        "visibleDefaultEngines": [
          "google-b-m", "bing", "ddg", "ebay-es-es", "wikipedia-es"
        ]
      }
    },
    "es-MX": {
      "default": {
        "visibleDefaultEngines": [
          "google-b-m", "bing", "ddg", "ebay", "mercadolibre-mx", "wikipedia-es"
        ]
      }
    },
    "et": {
      "default": {
        "visibleDefaultEngines": [
          "google-b-m", "ebay", "wikipedia-et"
        ]
      }
    },
    "eu": {
      "default": {
        "visibleDefaultEngines": [
          "google-b-m", "bing", "wikipedia-eu"
        ]
      }
    },
    "fa": {
      "default": {
        "visibleDefaultEngines": [
          "google-b-m", "bing", "wikipedia-fa"
        ]
      }
    },
    "ff": {
      "default": {
        "visibleDefaultEngines": [
          "google-b-m", "bing", "wikipedia-fr"
        ]
      }
    },
    "fi": {
      "default": {
        "visibleDefaultEngines": [
          "google-b-m", "ebay", "wikipedia-fi"
        ]
      }
    },
    "fr": {
      "default": {
        "visibleDefaultEngines": [
          "google-b-m", "bing", "ddg", "ebay-fr", "qwant", "wikipedia-fr"
        ]
      }
    },
    "fy-NL": {
      "default": {
        "visibleDefaultEngines": [
          "google-b-m", "wikipedia-fy-NL"
        ]
      }
    },
    "ga-IE": {
      "default": {
        "visibleDefaultEngines": [
          "google-b-m", "ebay-ga-ie", "wikipedia-ga-IE"
        ]
      }
    },
    "gd": {
      "default": {
        "visibleDefaultEngines": [
          "google-b-m", "bing", "ddg", "faclair-beag", "wikipedia-gd"
        ]
      }
    },
    "gl": {
      "default": {
        "visibleDefaultEngines": [
          "google-b-m", "bing", "ebay", "wikipedia-gl"
        ]
      }
    },
    "gn": {
      "default": {
        "visibleDefaultEngines": [
          "google-b-m", "bing", "ebay", "wikipedia-gn"
        ]
      }
    },
    "gu-IN": {
      "default": {
        "visibleDefaultEngines": [
          "google-b-m", "bing", "wikipedia-gu"
        ]
      }
    },
    "he": {
      "default": {
        "visibleDefaultEngines": [
          "google-b-m", "bing", "ebay", "wikipedia-he"
        ]
      }
    },
    "hi-IN": {
      "default": {
        "visibleDefaultEngines": [
          "google-b-m", "bing", "ebay", "wikipedia-hi"
        ]
      }
    },
    "hr": {
      "default": {
        "visibleDefaultEngines": [
          "google-b-m", "bing", "ddg", "ebay", "wikipedia-hr"
        ]
      }
    },
    "hsb": {
      "default": {
        "visibleDefaultEngines": [
          "google-b-m", "bing", "ebay", "wikipedia-hsb"
        ]
      }
    },
    "hu": {
      "default": {
        "visibleDefaultEngines": [
          "google-b-m", "ebay", "vatera", "wikipedia-hu"
        ]
      }
    },
    "hy-AM": {
      "default": {
        "visibleDefaultEngines": [
          "google-b-m", "bing", "wikipedia-hy-AM"
        ]
      }
    },
    "ia": {
      "default": {
        "visibleDefaultEngines": [
          "google-b-m", "bing", "ddg", "ebay", "wikipedia-ia"
        ]
      }
    },
    "id": {
      "default": {
        "visibleDefaultEngines": [
          "google-b-m", "bing", "ebay", "wikipedia-id"
        ]
      }
    },
    "is": {
      "default": {
        "visibleDefaultEngines": [
          "google-b-m", "bing", "wikipedia-is"
        ]
      }
    },
    "it": {
      "default": {
        "visibleDefaultEngines": [
          "google-b-m", "bing", "ddg", "ebay-it", "wikipedia-it"
        ]
      }
    },
    "ja": {
      "default": {
        "visibleDefaultEngines": [
          "google-b-m", "amazon-jp", "bing", "ebay", "wikipedia-ja", "yahoo-jp"
        ]
      }
    },
    "ka": {
      "default": {
        "visibleDefaultEngines": [
          "google-b-m", "bing", "ddg", "wikipedia-ka"
        ]
      }
    },
    "kab": {
      "default": {
        "visibleDefaultEngines": [
          "google-b-m", "bing", "wikipedia-kab"
        ]
      }
    },
    "kk": {
      "default": {
        "visibleDefaultEngines": [
          "google-b-m", "bing", "ebay", "wikipedia-kk"
        ]
      },
      "KZ": {
        "visibleDefaultEngines": [
          "google-com-nocodes", "bing", "ebay", "wikipedia-kk"
        ]
      },
      "BY": {
        "visibleDefaultEngines": [
          "google-com-nocodes", "bing", "ebay", "wikipedia-kk"
        ]
      },
      "RU": {
        "visibleDefaultEngines": [
          "google-com-nocodes", "bing", "ebay", "wikipedia-kk"
        ]
      },
      "TR": {
        "visibleDefaultEngines": [
          "google-com-nocodes", "bing", "ebay", "wikipedia-kk"
        ]
      }
    },
    "km": {
      "default": {
        "visibleDefaultEngines": [
          "google-b-m", "bing", "ebay", "wikipedia-km"
        ]
      }
    },
    "kn": {
      "default": {
        "visibleDefaultEngines": [
          "google-b-m", "bing", "ebay", "wikipedia-kn", "wiktionary-kn"
        ]
      }
    },
    "ko": {
      "default": {
        "visibleDefaultEngines": [
          "google-b-m", "daum-kr", "ebay"
        ]
      }
    },
    "lij": {
      "default": {
        "visibleDefaultEngines": [
          "google-b-m", "ebay", "wikipedia"
        ]
      }
    },
    "lo": {
      "default": {
        "visibleDefaultEngines": [
          "google-b-m", "bing", "ebay", "wikipedia-lo"
        ]
      }
    },
    "lt": {
      "default": {
        "visibleDefaultEngines": [
          "google-b-m", "ebay", "wikipedia-lt"
        ]
      }
    },
    "ltg": {
      "default": {
        "visibleDefaultEngines": [
          "google-b-m", "bing", "ebay", "wikipedia-ltg"
        ]
      }
    },
    "lv": {
      "default": {
        "visibleDefaultEngines": [
          "google-b-m", "ebay", "salidzinilv", "wikipedia-lv"
        ]
      }
    },
    "mai": {
      "default": {
        "visibleDefaultEngines": [
          "google-b-m", "bing", "ebay", "wikipedia-hi"
        ]
      }
    },
    "ml": {
      "default": {
        "visibleDefaultEngines": [
          "google-b-m", "bing", "ddg", "ebay", "wikipedia-ml"
        ]
      }
    },
    "mr": {
      "default": {
        "visibleDefaultEngines": [
          "google-b-m", "bing", "wikipedia-mr"
        ]
      }
    },
    "ms": {
      "default": {
        "visibleDefaultEngines": [
          "google-b-m", "bing", "ebay", "wikipedia-ms"
        ]
      }
    },
    "my": {
      "default": {
        "visibleDefaultEngines": [
          "google-b-m", "bing", "ebay", "wikipedia-my"
        ]
      }
    },
    "nb-NO": {
      "default": {
        "visibleDefaultEngines": [
          "google-b-m", "ddg", "ebay", "gulesider-mobile-NO", "wikipedia-NO"
        ]
      }
    },
    "ne-NP": {
      "default": {
        "visibleDefaultEngines": [
          "google-b-m", "bing", "ebay", "wikipedia-ne"
        ]
      }
    },
    "nl": {
      "default": {
        "visibleDefaultEngines": [
          "google-b-m", "bing", "ddg", "ebay-nl", "wikipedia-nl"
        ]
      }
    },
    "nn-NO": {
      "default": {
        "visibleDefaultEngines": [
          "google-b-m", "ddg", "ebay", "gulesider-mobile-NO", "wikipedia-NN"
        ]
      }
    },
    "oc": {
      "default": {
        "visibleDefaultEngines": [
          "google-b-m", "bing", "wikipedia-oc", "wiktionary-oc"
        ]
      }
    },
    "or": {
      "default": {
        "visibleDefaultEngines": [
          "google-b-m", "bing", "wikipedia-or", "wiktionary-or"
        ]
      }
    },
    "pa-IN": {
      "default": {
        "visibleDefaultEngines": [
          "google-b-m", "bing", "wikipedia-pa"
        ]
      }
    },
    "pl": {
      "default": {
        "visibleDefaultEngines": [
          "google-b-m", "bing", "ddg", "ebay", "wikipedia-pl"
        ]
      }
    },
    "pt-BR": {
      "default": {
        "visibleDefaultEngines": [
          "google-b-m", "bing", "ebay", "wikipedia-pt"
        ]
      }
    },
    "pt-PT": {
      "default": {
        "visibleDefaultEngines": [
          "google-b-m", "wikipedia-pt"
        ]
      }
    },
    "rm": {
      "default": {
        "visibleDefaultEngines": [
          "google-b-m", "bing", "ddg", "leo_ende_de", "wikipedia-rm"
        ]
      }
    },
    "ro": {
      "default": {
        "visibleDefaultEngines": [
          "google-b-m", "ebay", "wikipedia-ro"
        ]
      }
    },
    "ru": {
      "default": {
        "visibleDefaultEngines": [
          "google-b-m", "ebay", "wikipedia-ru"
        ]
      },
      "RU": {
        "visibleDefaultEngines": [
          "google-com-nocodes", "ebay", "wikipedia-ru"
        ]
      },
      "BY": {
        "visibleDefaultEngines": [
          "google-com-nocodes", "ebay", "wikipedia-ru"
        ]
      },
      "KZ": {
        "visibleDefaultEngines": [
          "google-com-nocodes", "ebay", "wikipedia-ru"
        ]
      },
      "TR": {
        "visibleDefaultEngines": [
          "google-com-nocodes", "ebay", "wikipedia-ru"
        ]
      }
    },
    "sk": {
      "default": {
        "visibleDefaultEngines": [
          "google-b-m", "ebay", "wikipedia-sk"
        ]
      }
    },
    "sl": {
      "default": {
        "visibleDefaultEngines": [
          "google-b-m", "ceneje", "ebay", "odpiralni", "wikipedia-sl"
        ]
      }
    },
    "son": {
      "default": {
        "visibleDefaultEngines": [
          "google-b-m", "bing", "ebay", "wikipedia-fr"
        ]
      }
    },
    "sq": {
      "default": {
        "visibleDefaultEngines": [
          "google-b-m", "bing", "ebay", "wikipedia-sq"
        ]
      }
    },
    "sr": {
      "default": {
        "visibleDefaultEngines": [
          "google-b-m", "bing", "ddg", "ebay", "wikipedia-sr"
        ]
      }
    },
    "sv-SE": {
      "default": {
        "visibleDefaultEngines": [
          "google-b-m", "ebay", "prisjakt-sv-SE", "wikipedia-sv-SE"
        ]
      }
    },
    "ta": {
      "default": {
        "visibleDefaultEngines": [
          "google-b-m", "bing", "ddg", "wikipedia-ta", "wiktionary-ta"
        ]
      }
    },
    "te": {
      "default": {
        "visibleDefaultEngines": [
          "google-b-m", "bing", "wikipedia-te", "wiktionary-te"
        ]
      }
    },
    "th": {
      "default": {
        "visibleDefaultEngines": [
          "google-b-m", "ebay", "wikipedia-th"
        ]
      }
    },
    "tr": {
      "default": {
        "visibleDefaultEngines": [
          "google-b-m", "ebay", "wikipedia-tr"
        ]
      },
      "TR": {
        "visibleDefaultEngines": [
          "google-com-nocodes", "ebay", "wikipedia-tr"
        ]
      },
      "BY": {
        "visibleDefaultEngines": [
          "google-com-nocodes", "ebay", "wikipedia-tr"
        ]
      },
      "KZ": {
        "visibleDefaultEngines": [
          "google-com-nocodes", "ebay", "wikipedia-tr"
        ]
      },
      "RU": {
        "visibleDefaultEngines": [
          "google-com-nocodes", "ebay", "wikipedia-tr"
        ]
      }
    },
    "trs": {
      "default": {
        "searchDefault": "google-b-m",
        "visibleDefaultEngines": [
            "google-b-m", "bing", "ebay", "wikipedia-es"
        ]
      }
    },
    "uk": {
      "default": {
        "visibleDefaultEngines": [
          "google-b-m", "ebay", "wikipedia-uk"
        ]
      }
    },
    "ur": {
      "default": {
        "visibleDefaultEngines": [
          "google-b-m", "bing", "ddg", "ebay", "wikipedia-ur"
        ]
      }
    },
    "uz": {
      "default": {
        "visibleDefaultEngines": [
          "google-b-m", "bing", "ebay", "wikipedia-uz"
        ]
      }
    },
    "vi": {
      "default": {
        "visibleDefaultEngines": [
          "google-b-m", "coccoc", "ddg", "ebay", "wikipedia-vi"
        ]
      }
    },
    "wo": {
      "default": {
        "visibleDefaultEngines": [
          "google-b-m", "bing", "ddg", "wikipedia-wo"
        ]
      }
    },
    "xh": {
      "default": {
        "visibleDefaultEngines": [
          "google-b-m", "bing", "ebay", "wikipedia"
        ]
      }
    },
    "zam": {
      "default": {
        "visibleDefaultEngines": [
          "google-b-m", "bing", "wikipedia-es"
        ]
      }
    },
    "zh-CN": {
      "default": {
        "visibleDefaultEngines": [
          "google-b-m", "baidu", "bing", "wikipedia-zh-CN"
        ]
      },
      "CN": {
        "searchDefault": "百度"
      }
    },
    "zh-TW": {
      "default": {
        "visibleDefaultEngines": [
          "google-b-m", "bing", "ddg", "wikipedia-zh-TW"
        ]
      }
    }
  }
}
