[
{"action":{"type":"block"},"trigger":{"url-filter":"^https?://([^/]+\\.)?00px\\.net","load-type":["third-party"],"unless-domain":["*adx.space"]}},
{"action":{"type":"block"},"trigger":{"url-filter":"^https?://([^/]+\\.)?2mdnsys\\.com","load-type":["third-party"],"unless-domain":["*2mdnsys.com"]}},
{"action":{"type":"block"},"trigger":{"url-filter":"^https?://([^/]+\\.)?ad-maven\\.com","load-type":["third-party"],"unless-domain":["*ad-maven.com"]}},
{"action":{"type":"block"},"trigger":{"url-filter":"^https?://([^/]+\\.)?ad-score\\.com","load-type":["third-party"],"unless-domain":["*ad-score.com","*protected.media"]}},
{"action":{"type":"block"},"trigger":{"url-filter":"^https?://([^/]+\\.)?adabra\\.com","load-type":["third-party"],"unless-domain":["*adabra.com"]}},
{"action":{"type":"block"},"trigger":{"url-filter":"^https?://([^/]+\\.)?adbot\\.tw","load-type":["third-party"],"unless-domain":["*adbot.tw"]}},
{"action":{"type":"block"},"trigger":{"url-filter":"^https?://([^/]+\\.)?adgainersolutions\\.com","load-type":["third-party"],"unless-domain":["*adgainersolutions.com"]}},
{"action":{"type":"block"},"trigger":{"url-filter":"^https?://([^/]+\\.)?admicro\\.vn","load-type":["third-party"],"unless-domain":["*admicro.vn"]}},
{"action":{"type":"block"},"trigger":{"url-filter":"^https?://([^/]+\\.)?adnium\\.com","load-type":["third-party"],"unless-domain":["*adnium.com"]}},
{"action":{"type":"block"},"trigger":{"url-filter":"^https?://([^/]+\\.)?adsafeprotected\\.com","load-type":["third-party"],"unless-domain":["*integralads.com"]}},
{"action":{"type":"block"},"trigger":{"url-filter":"^https?://([^/]+\\.)?adstune\\.com","load-type":["third-party"],"unless-domain":["*adstune.com"]}},
{"action":{"type":"block"},"trigger":{"url-filter":"^https?://([^/]+\\.)?affasi\\.com","load-type":["third-party"]}},
{"action":{"type":"block"},"trigger":{"url-filter":"^https?://([^/]+\\.)?agreensdistra\\.info","load-type":["third-party"],"unless-domain":["*ad-maven.com"]}},
{"action":{"type":"block"},"trigger":{"url-filter":"^https?://([^/]+\\.)?aivalabs\\.com","load-type":["third-party"],"unless-domain":["*aivalabs.com"]}},
{"action":{"type":"block"},"trigger":{"url-filter":"^https?://([^/]+\\.)?antifraudjs\\.friends2follow\\.com","load-type":["third-party"],"unless-domain":["*friends2follow.com"]}},
{"action":{"type":"block"},"trigger":{"url-filter":"^https?://([^/]+\\.)?attributionmodel\\.com","load-type":["third-party"],"unless-domain":["*attributionmodel.com","*c3metrics.com","*c3tag.com"]}},
{"action":{"type":"block"},"trigger":{"url-filter":"^https?://([^/]+\\.)?augur\\.io","load-type":["third-party"],"unless-domain":["*augur.io"]}},
{"action":{"type":"block"},"trigger":{"url-filter":"^https?://([^/]+\\.)?azetklik\\.sk","load-type":["third-party"],"unless-domain":["*azet.sk","*mediaimpact.sk"]}},
{"action":{"type":"block"},"trigger":{"url-filter":"^https?://([^/]+\\.)?b0e8\\.com","load-type":["third-party"],"unless-domain":["*brightedge.com"]}},
{"action":{"type":"block"},"trigger":{"url-filter":"^https?://([^/]+\\.)?bashirian\\.biz","load-type":["third-party"],"unless-domain":["*clickfrog.ru"]}},
{"action":{"type":"block"},"trigger":{"url-filter":"^https?://([^/]+\\.)?betssonpalantir\\.com","load-type":["third-party"],"unless-domain":["*betssonpalantir.com"]}},
{"action":{"type":"block"},"trigger":{"url-filter":"^https?://([^/]+\\.)?bgclck\\.me","load-type":["third-party"],"unless-domain":["*bigclick.me"]}},
{"action":{"type":"block"},"trigger":{"url-filter":"^https?://([^/]+\\.)?bitmedia\\.io","load-type":["third-party"],"unless-domain":["*bitmedia.io"]}},
{"action":{"type":"block"},"trigger":{"url-filter":"^https?://([^/]+\\.)?bluecava\\.com","load-type":["third-party"],"unless-domain":["*bluecava.com"]}},
{"action":{"type":"block"},"trigger":{"url-filter":"^https?://([^/]+\\.)?boostbox\\.com\\.br","load-type":["third-party"],"unless-domain":["*boostbox.com.br"]}},
{"action":{"type":"block"},"trigger":{"url-filter":"^https?://([^/]+\\.)?boudja\\.com","load-type":["third-party"],"unless-domain":["*ad-maven.com"]}},
{"action":{"type":"block"},"trigger":{"url-filter":"^https?://([^/]+\\.)?bounceexchange\\.com","load-type":["third-party"],"unless-domain":["*bouncex.com","*wunderkind.co"]}},
{"action":{"type":"block"},"trigger":{"url-filter":"^https?://([^/]+\\.)?bouncex\\.com","load-type":["third-party"],"unless-domain":["*bouncex.com","*wunderkind.co"]}},
{"action":{"type":"block"},"trigger":{"url-filter":"^https?://([^/]+\\.)?bouncex\\.net","load-type":["third-party"],"unless-domain":["*bouncex.com","*wunderkind.co"]}},
{"action":{"type":"block"},"trigger":{"url-filter":"^https?://([^/]+\\.)?brandcrumb\\.com","load-type":["third-party"],"unless-domain":["*brandcrumb.com"]}},
{"action":{"type":"block"},"trigger":{"url-filter":"^https?://([^/]+\\.)?breaktime\\.com\\.tw","load-type":["third-party"],"unless-domain":["*breaktime.com.tw"]}},
{"action":{"type":"block"},"trigger":{"url-filter":"^https?://([^/]+\\.)?buckridge\\.link","load-type":["third-party"],"unless-domain":["*clickfrog.ru"]}},
{"action":{"type":"block"},"trigger":{"url-filter":"^https?://([^/]+\\.)?c3metrics\\.com","load-type":["third-party"],"unless-domain":["*attributionmodel.com","*c3metrics.com","*c3tag.com"]}},
{"action":{"type":"block"},"trigger":{"url-filter":"^https?://([^/]+\\.)?c3tag\\.com","load-type":["third-party"],"unless-domain":["*attributionmodel.com","*c3metrics.com","*c3tag.com"]}},
{"action":{"type":"block"},"trigger":{"url-filter":"^https?://([^/]+\\.)?carts\\.guru","load-type":["third-party"],"unless-domain":["*carts.guru"]}},
{"action":{"type":"block"},"trigger":{"url-filter":"^https?://([^/]+\\.)?clearlink\\.com","load-type":["third-party"],"unless-domain":["*clearlink.com"]}},
{"action":{"type":"block"},"trigger":{"url-filter":"^https?://([^/]+\\.)?clickguard\\.com","load-type":["third-party"],"unless-domain":["*clickguard.com"]}},
{"action":{"type":"block"},"trigger":{"url-filter":"^https?://([^/]+\\.)?clickyab\\.com","load-type":["third-party"],"unless-domain":["*clickyab.com"]}},
{"action":{"type":"block"},"trigger":{"url-filter":"^https?://([^/]+\\.)?clixtell\\.com","load-type":["third-party"],"unless-domain":["*clixtell.com"]}},
{"action":{"type":"block"},"trigger":{"url-filter":"^https?://([^/]+\\.)?datadome\\.co","load-type":["third-party"],"unless-domain":["*datadome.co"]}},
{"action":{"type":"block"},"trigger":{"url-filter":"^https?://([^/]+\\.)?dep-x\\.com","load-type":["third-party"],"unless-domain":["*wideorbit.com"]}},
{"action":{"type":"block"},"trigger":{"url-filter":"^https?://([^/]+\\.)?dmpxs\\.com","load-type":["third-party"],"unless-domain":["*dmpxs.com"]}},
{"action":{"type":"block"},"trigger":{"url-filter":"^https?://([^/]+\\.)?ecsanalytics\\.com","load-type":["third-party"],"unless-domain":["*ecsanalytics.com","*theecsinc.com"]}},
{"action":{"type":"block"},"trigger":{"url-filter":"^https?://([^/]+\\.)?ero-advertising\\.com","load-type":["third-party"],"unless-domain":["*ero-advertising.com"]}},
{"action":{"type":"block"},"trigger":{"url-filter":"^https?://([^/]+\\.)?eyereturn\\.com","load-type":["third-party"],"unless-domain":["*eyereturnmarketing.com"]}},
{"action":{"type":"block"},"trigger":{"url-filter":"^https?://([^/]+\\.)?eyereturnmarketing\\.com","load-type":["third-party"],"unless-domain":["*eyereturnmarketing.com"]}},
{"action":{"type":"block"},"trigger":{"url-filter":"^https?://([^/]+\\.)?fengkongcloud\\.com","load-type":["third-party"],"unless-domain":["*ishumei.com"]}},
{"action":{"type":"block"},"trigger":{"url-filter":"^https?://([^/]+\\.)?fqtag\\.com","load-type":["third-party"],"unless-domain":["*impact.com"]}},
{"action":{"type":"block"},"trigger":{"url-filter":"^https?://([^/]+\\.)?franecki\\.net","load-type":["third-party"],"unless-domain":["*clickfrog.ru"]}},
{"action":{"type":"block"},"trigger":{"url-filter":"^https?://([^/]+\\.)?fraudjs\\.io","load-type":["third-party"],"unless-domain":["*gleam.io"]}},
{"action":{"type":"block"},"trigger":{"url-filter":"^https?://([^/]+\\.)?fuel451\\.com","load-type":["third-party"],"unless-domain":["*fuelx.com"]}},
{"action":{"type":"block"},"trigger":{"url-filter":"^https?://([^/]+\\.)?fuelx\\.com","load-type":["third-party"]}},
{"action":{"type":"block"},"trigger":{"url-filter":"^https?://([^/]+\\.)?graphenedigitalanalytics\\.in","load-type":["third-party"],"unless-domain":["*graphenemedia.in"]}},
{"action":{"type":"block"},"trigger":{"url-filter":"^https?://([^/]+\\.)?guoshipartners\\.com","load-type":["third-party"],"unless-domain":["*onead.com.tw"]}},
{"action":{"type":"block"},"trigger":{"url-filter":"^https?://([^/]+\\.)?gw-ec\\.com","load-type":["third-party"]}},
{"action":{"type":"block"},"trigger":{"url-filter":"^https?://([^/]+\\.)?hilltopads\\.net","load-type":["third-party"],"unless-domain":["*hilltopads.com"]}},
{"action":{"type":"block"},"trigger":{"url-filter":"^https?://([^/]+\\.)?ie8eamus\\.com","load-type":["third-party"],"unless-domain":["*ie8eamus.com"]}},
{"action":{"type":"block"},"trigger":{"url-filter":"^https?://([^/]+\\.)?iivt\\.com","load-type":["third-party"],"unless-domain":["*partypoker.com"]}},
{"action":{"type":"block"},"trigger":{"url-filter":"^https?://([^/]+\\.)?islay\\.tech","load-type":["third-party"],"unless-domain":["*islay.tech"]}},
{"action":{"type":"block"},"trigger":{"url-filter":"^https?://([^/]+\\.)?ismatlab\\.com","load-type":["third-party"],"unless-domain":["*ismatlab.com"]}},
{"action":{"type":"block"},"trigger":{"url-filter":"^https?://([^/]+\\.)?kitewheel\\.com","load-type":["third-party"],"unless-domain":["*kitewheel.com"]}},
{"action":{"type":"block"},"trigger":{"url-filter":"^https?://([^/]+\\.)?leadlander\\.com","load-type":["third-party"],"unless-domain":["*uplandsoftware.com"]}},
{"action":{"type":"block"},"trigger":{"url-filter":"^https?://([^/]+\\.)?libertystmedia\\.com","load-type":["third-party"],"unless-domain":["*shafttraffic.com"]}},
{"action":{"type":"block"},"trigger":{"url-filter":"^https?://([^/]+\\.)?ligatus\\.com","load-type":["third-party"],"unless-domain":["*guj.de","*ligatus.com"]}},
{"action":{"type":"block"},"trigger":{"url-filter":"^https?://([^/]+\\.)?lptracker\\.io","load-type":["third-party"],"unless-domain":["*lptracker.io"]}},
{"action":{"type":"block"},"trigger":{"url-filter":"^https?://([^/]+\\.)?maxmind\\.com","load-type":["third-party"],"unless-domain":["*maxmind.com"]}},
{"action":{"type":"block"},"trigger":{"url-filter":"^https?://([^/]+\\.)?mmapiws\\.com","load-type":["third-party"],"unless-domain":["*maxmind.com"]}},
{"action":{"type":"block"},"trigger":{"url-filter":"^https?://([^/]+\\.)?mobials\\.com","load-type":["third-party"],"unless-domain":["*mobials.com"]}},
{"action":{"type":"block"},"trigger":{"url-filter":"^https?://([^/]+\\.)?mystighty\\.info","load-type":["third-party"],"unless-domain":["*mystighty.info"]}},
{"action":{"type":"block"},"trigger":{"url-filter":"^https?://([^/]+\\.)?nabbr\\.com","load-type":["third-party"],"unless-domain":["*selectablemedia.com"]}},
{"action":{"type":"block"},"trigger":{"url-filter":"^https?://([^/]+\\.)?onevision\\.com\\.tw","load-type":["third-party"],"unless-domain":["*onead.com.tw"]}},
{"action":{"type":"block"},"trigger":{"url-filter":"^https?://([^/]+\\.)?online-metrix\\.net","load-type":["third-party"],"unless-domain":["*online-metrix.net"]}},
{"action":{"type":"block"},"trigger":{"url-filter":"^https?://([^/]+\\.)?perfdrive\\.com","load-type":["third-party"],"unless-domain":["*radware.com"]}},
{"action":{"type":"block"},"trigger":{"url-filter":"^https?://([^/]+\\.)?perimeterx\\.net","load-type":["third-party"]}},
{"action":{"type":"block"},"trigger":{"url-filter":"^https?://([^/]+\\.)?pixanalytics\\.com","load-type":["third-party"],"unless-domain":["*pixanalytics.com"]}},
{"action":{"type":"block"},"trigger":{"url-filter":"^https?://([^/]+\\.)?pixlee\\.com","load-type":["third-party"],"unless-domain":["*pixlee.com"]}},
{"action":{"type":"block"},"trigger":{"url-filter":"^https?://([^/]+\\.)?ppcprotect\\.com","load-type":["third-party"],"unless-domain":["*ppcprotect.com"]}},
{"action":{"type":"block"},"trigger":{"url-filter":"^https?://([^/]+\\.)?prismapp\\.io","load-type":["third-party"],"unless-domain":["*prismapp.io"]}},
{"action":{"type":"block"},"trigger":{"url-filter":"^https?://([^/]+\\.)?prometheusintelligencetechnology\\.com","load-type":["third-party"],"unless-domain":["*prometheusintelligencetechnology.com"]}},
{"action":{"type":"block"},"trigger":{"url-filter":"^https?://([^/]+\\.)?provers\\.pro","load-type":["third-party"],"unless-domain":["*provers.pro"]}},
{"action":{"type":"block"},"trigger":{"url-filter":"^https?://([^/]+\\.)?psonstrentie\\.info","load-type":["third-party"],"unless-domain":["*psonstrentie.info"]}},
{"action":{"type":"block"},"trigger":{"url-filter":"^https?://([^/]+\\.)?pulpix\\.com","load-type":["third-party"],"unless-domain":["*adyoulike.com"]}},
{"action":{"type":"block"},"trigger":{"url-filter":"^https?://([^/]+\\.)?quitzon\\.net","load-type":["third-party"],"unless-domain":["*clickfrog.ru"]}},
{"action":{"type":"block"},"trigger":{"url-filter":"^https?://([^/]+\\.)?reichelcormier\\.bid","load-type":["third-party"],"unless-domain":["*clickfrog.ru"]}},
{"action":{"type":"block"},"trigger":{"url-filter":"^https?://([^/]+\\.)?rensovetors\\.info","load-type":["third-party"],"unless-domain":["*ad-maven.com"]}},
{"action":{"type":"block"},"trigger":{"url-filter":"^https?://([^/]+\\.)?rollick\\.io","load-type":["third-party"],"unless-domain":["*gorollick.com"]}},
{"action":{"type":"block"},"trigger":{"url-filter":"^https?://([^/]+\\.)?rsz\\.sk","load-type":["third-party"],"unless-domain":["*azet.sk","*mediaimpact.sk"]}},
{"action":{"type":"block"},"trigger":{"url-filter":"^https?://([^/]+\\.)?seewhy\\.com","load-type":["third-party"],"unless-domain":["*sap.com"]}},
{"action":{"type":"block"},"trigger":{"url-filter":"^https?://([^/]+\\.)?selectablemedia\\.com","load-type":["third-party"],"unless-domain":["*selectablemedia.com"]}},
{"action":{"type":"block"},"trigger":{"url-filter":"^https?://([^/]+\\.)?semantiqo\\.com","load-type":["third-party"],"unless-domain":["*semantiqo.com"]}},
{"action":{"type":"block"},"trigger":{"url-filter":"^https?://([^/]+\\.)?sendpulse\\.com","load-type":["third-party"],"unless-domain":["*sendpulse.com"]}},
{"action":{"type":"block"},"trigger":{"url-filter":"^https?://([^/]+\\.)?shoporielder\\.pro","load-type":["third-party"],"unless-domain":["*hilltopads.com"]}},
{"action":{"type":"block"},"trigger":{"url-filter":"^https?://([^/]+\\.)?shorte\\.st","load-type":["third-party"],"unless-domain":["*shorte.st"]}},
{"action":{"type":"block"},"trigger":{"url-filter":"^https?://([^/]+\\.)?smct\\.io","load-type":["third-party"],"unless-domain":["*smarterclick.com"]}},
{"action":{"type":"block"},"trigger":{"url-filter":"^https?://([^/]+\\.)?storeland\\.ru","load-type":["third-party"],"unless-domain":["*storeland.ru"]}},
{"action":{"type":"block"},"trigger":{"url-filter":"^https?://([^/]+\\.)?stripst\\.com","load-type":["third-party"],"unless-domain":["*stripchat.com"]}},
{"action":{"type":"block"},"trigger":{"url-filter":"^https?://([^/]+\\.)?sweeterge\\.info","load-type":["third-party"],"unless-domain":["*mystighty.info"]}},
{"action":{"type":"block"},"trigger":{"url-filter":"^https?://([^/]+\\.)?techsolutions\\.com\\.tw","load-type":["third-party"],"unless-domain":["*techsolutions.com.tw"]}},
{"action":{"type":"block"},"trigger":{"url-filter":"^https?://([^/]+\\.)?thirdwatch\\.ai","load-type":["third-party"],"unless-domain":["*razorpay.com"]}},
{"action":{"type":"block"},"trigger":{"url-filter":"^https?://([^/]+\\.)?trendemon\\.com","load-type":["third-party"],"unless-domain":["*trendemon.com"]}},
{"action":{"type":"block"},"trigger":{"url-filter":"^https?://([^/]+\\.)?ufpcdn\\.com","load-type":["third-party"],"unless-domain":["*adcash.com"]}},
{"action":{"type":"block"},"trigger":{"url-filter":"^https?://([^/]+\\.)?vcmedia\\.vn","load-type":["third-party"],"unless-domain":["*admicro.vn"]}},
{"action":{"type":"block"},"trigger":{"url-filter":"^https?://([^/]+\\.)?verticalhealth\\.net","load-type":["third-party"],"unless-domain":["*verticalhealth.com"]}},
{"action":{"type":"block"},"trigger":{"url-filter":"^https?://([^/]+\\.)?warumbistdusoarm\\.space","load-type":["third-party"],"unless-domain":["*warumbistdusoarm.space"]}},
{"action":{"type":"block"},"trigger":{"url-filter":"^https?://([^/]+\\.)?webmecanik\\.com","load-type":["third-party"],"unless-domain":["*webmecanik.com"]}},
{"action":{"type":"block"},"trigger":{"url-filter":"^https?://([^/]+\\.)?wisokykulas\\.bid","load-type":["third-party"],"unless-domain":["*clickfrog.ru"]}},
{"action":{"type":"block"},"trigger":{"url-filter":"^https?://([^/]+\\.)?wrethicap\\.info","load-type":["third-party"],"unless-domain":["*ad-maven.com"]}},
{"action":{"type":"block"},"trigger":{"url-filter":"^https?://([^/]+\\.)?xcvgdf\\.party","load-type":["third-party"],"unless-domain":["*bigclick.me"]}},
{"action":{"type":"block"},"trigger":{"url-filter":"^https?://([^/]+\\.)?xiaoyuanzhao\\.com","load-type":["third-party"],"unless-domain":["*shixiseng.com"]}},
{"action":{"type":"block"},"trigger":{"url-filter":"^https?://([^/]+\\.)?zaful\\.com","load-type":["third-party"],"unless-domain":["*zaful.com"]}},
{"action":{"type":"block"},"trigger":{"url-filter":"^https?://([^/]+\\.)?ze-fir\\.com","load-type":["third-party"],"unless-domain":["*ze-fir.com"]}}
]