[
{"action":{"type":"block-cookies"},"trigger":{"url-filter":"^https?://([^/]+\\.)?address\\.yahoo\\.com","load-type":["third-party"],"unless-domain":["*5min.com","*adap.tv","*adtech.com","*adtech.de","*adtechus.com","*advertising.com","*aim.com","*aol.com","*aolcdn.com","*aoltechguru.com","*atwola.com","*autoblog.com","*cambio.com","*dailyfinance.com","*editions.com","*engadget.com","*flickr.com","*flurry.com","*games.com","*homesessive.com","*huffingtonpost.com","*makers.com","*mapquest.com","*moviefone.com","*noisecreep.com","*patch.com","*pawnation.com","*shortcuts.com","*shoutcast.com","*spinner.com","*stylelist.com","*stylemepretty.com","*surphace.com","*techcrunch.com","*theboombox.com","*theboot.com","*tumblr.com","*userplane.com","*winamp.com","*yahoo.co.jp","*yahoo.com","*yahoosmallbusiness.com","*yahoostudios.com","*yuilibrary.com"]}},
{"action":{"type":"block-cookies"},"trigger":{"url-filter":"^https?://([^/]+\\.)?addthis\\.com","load-type":["third-party"],"unless-domain":["*addthis.com"]}},
{"action":{"type":"block-cookies"},"trigger":{"url-filter":"^https?://([^/]+\\.)?addthiscdn\\.com","load-type":["third-party"],"unless-domain":["*addthis.com"]}},
{"action":{"type":"block-cookies"},"trigger":{"url-filter":"^https?://([^/]+\\.)?addthisedge\\.com","load-type":["third-party"],"unless-domain":["*addthis.com"]}},
{"action":{"type":"block-cookies"},"trigger":{"url-filter":"^https?://([^/]+\\.)?alerts\\.yahoo\\.com","load-type":["third-party"],"unless-domain":["*5min.com","*adap.tv","*adtech.com","*adtech.de","*adtechus.com","*advertising.com","*aim.com","*aol.com","*aolcdn.com","*aoltechguru.com","*atwola.com","*autoblog.com","*cambio.com","*dailyfinance.com","*editions.com","*engadget.com","*flickr.com","*flurry.com","*games.com","*homesessive.com","*huffingtonpost.com","*makers.com","*mapquest.com","*moviefone.com","*noisecreep.com","*patch.com","*pawnation.com","*shortcuts.com","*shoutcast.com","*spinner.com","*stylelist.com","*stylemepretty.com","*surphace.com","*techcrunch.com","*theboombox.com","*theboot.com","*tumblr.com","*userplane.com","*winamp.com","*yahoo.co.jp","*yahoo.com","*yahoosmallbusiness.com","*yahoostudios.com","*yuilibrary.com"]}},
{"action":{"type":"block-cookies"},"trigger":{"url-filter":"^https?://([^/]+\\.)?apps\\.fbsbx\\.com","load-type":["third-party"],"unless-domain":["*atlassolutions.com","*e.gg","*facebook.com","*facebook.de","*facebook.fr","*facebook.net","*fb.com","*fb.me","*fbcdn.net","*friendfeed.com","*instagram.com","*internalfb.com","*messenger.com","*meta.com","*oculus.com","*oversightboard.com","*whatsapp.com","*workplace.com"]}},
{"action":{"type":"block-cookies"},"trigger":{"url-filter":"^https?://([^/]+\\.)?atdmt\\.com","load-type":["third-party"],"unless-domain":["*atlassolutions.com","*e.gg","*facebook.com","*facebook.de","*facebook.fr","*facebook.net","*fb.com","*fb.me","*fbcdn.net","*friendfeed.com","*instagram.com","*internalfb.com","*messenger.com","*meta.com","*oculus.com","*oversightboard.com","*whatsapp.com","*workplace.com"]}},
{"action":{"type":"block-cookies"},"trigger":{"url-filter":"^https?://([^/]+\\.)?avatars\\.yahoo\\.com","load-type":["third-party"],"unless-domain":["*5min.com","*adap.tv","*adtech.com","*adtech.de","*adtechus.com","*advertising.com","*aim.com","*aol.com","*aolcdn.com","*aoltechguru.com","*atwola.com","*autoblog.com","*cambio.com","*dailyfinance.com","*editions.com","*engadget.com","*flickr.com","*flurry.com","*games.com","*homesessive.com","*huffingtonpost.com","*makers.com","*mapquest.com","*moviefone.com","*noisecreep.com","*patch.com","*pawnation.com","*shortcuts.com","*shoutcast.com","*spinner.com","*stylelist.com","*stylemepretty.com","*surphace.com","*techcrunch.com","*theboombox.com","*theboot.com","*tumblr.com","*userplane.com","*winamp.com","*yahoo.co.jp","*yahoo.com","*yahoosmallbusiness.com","*yahoostudios.com","*yuilibrary.com"]}},
{"action":{"type":"block-cookies"},"trigger":{"url-filter":"^https?://([^/]+\\.)?buzz\\.yahoo\\.com","load-type":["third-party"],"unless-domain":["*5min.com","*adap.tv","*adtech.com","*adtech.de","*adtechus.com","*advertising.com","*aim.com","*aol.com","*aolcdn.com","*aoltechguru.com","*atwola.com","*autoblog.com","*cambio.com","*dailyfinance.com","*editions.com","*engadget.com","*flickr.com","*flurry.com","*games.com","*homesessive.com","*huffingtonpost.com","*makers.com","*mapquest.com","*moviefone.com","*noisecreep.com","*patch.com","*pawnation.com","*shortcuts.com","*shoutcast.com","*spinner.com","*stylelist.com","*stylemepretty.com","*surphace.com","*techcrunch.com","*theboombox.com","*theboot.com","*tumblr.com","*userplane.com","*winamp.com","*yahoo.co.jp","*yahoo.com","*yahoosmallbusiness.com","*yahoostudios.com","*yuilibrary.com"]}},
{"action":{"type":"block-cookies"},"trigger":{"url-filter":"^https?://([^/]+\\.)?calendar\\.yahoo\\.com","load-type":["third-party"],"unless-domain":["*5min.com","*adap.tv","*adtech.com","*adtech.de","*adtechus.com","*advertising.com","*aim.com","*aol.com","*aolcdn.com","*aoltechguru.com","*atwola.com","*autoblog.com","*cambio.com","*dailyfinance.com","*editions.com","*engadget.com","*flickr.com","*flurry.com","*games.com","*homesessive.com","*huffingtonpost.com","*makers.com","*mapquest.com","*moviefone.com","*noisecreep.com","*patch.com","*pawnation.com","*shortcuts.com","*shoutcast.com","*spinner.com","*stylelist.com","*stylemepretty.com","*surphace.com","*techcrunch.com","*theboombox.com","*theboot.com","*tumblr.com","*userplane.com","*winamp.com","*yahoo.co.jp","*yahoo.com","*yahoosmallbusiness.com","*yahoostudios.com","*yuilibrary.com"]}},
{"action":{"type":"block-cookies"},"trigger":{"url-filter":"^https?://([^/]+\\.)?causes\\.com","load-type":["third-party"],"unless-domain":["*causes.com"]}},
{"action":{"type":"block-cookies"},"trigger":{"url-filter":"^https?://([^/]+\\.)?clearspring\\.com","load-type":["third-party"],"unless-domain":["*addthis.com"]}},
{"action":{"type":"block-cookies"},"trigger":{"url-filter":"^https?://([^/]+\\.)?connectedads\\.net","load-type":["third-party"],"unless-domain":["*addthis.com"]}},
{"action":{"type":"block-cookies"},"trigger":{"url-filter":"^https?://([^/]+\\.)?developers\\.google\\.com","load-type":["third-party"],"unless-domain":["*abc.xyz","*admeld.com","*blogger.com","*blogspot.com","*chromestatus.com","*crashlytics.com","*google-melange.com","*google.ac","*google.ad","*google.ae","*google.al","*google.am","*google.as","*google.at","*google.az","*google.ba","*google.be","*google.bf","*google.bg","*google.bi","*google.bj","*google.bs","*google.bt","*google.by","*google.ca","*google.cat","*google.cd","*google.cf","*google.cg","*google.ch","*google.ci","*google.cl","*google.cm","*google.cn","*google.co.ao","*google.co.bw","*google.co.ck","*google.co.cr","*google.co.id","*google.co.il","*google.co.in","*google.co.jp","*google.co.ke","*google.co.kr","*google.co.ls","*google.co.ma","*google.co.mz","*google.co.nz","*google.co.th","*google.co.tz","*google.co.ug","*google.co.uk","*google.co.uz","*google.co.ve","*google.co.vi","*google.co.za","*google.co.zm","*google.co.zw","*google.com","*google.com.af","*google.com.ag","*google.com.ai","*google.com.ar","*google.com.au","*google.com.bd","*google.com.bh","*google.com.bn","*google.com.bo","*google.com.br","*google.com.bz","*google.com.co","*google.com.cu","*google.com.cy","*google.com.do","*google.com.ec","*google.com.eg","*google.com.et","*google.com.fj","*google.com.gh","*google.com.gi","*google.com.gt","*google.com.hk","*google.com.jm","*google.com.kh","*google.com.kw","*google.com.lb","*google.com.ly","*google.com.mm","*google.com.mt","*google.com.mx","*google.com.my","*google.com.na","*google.com.nf","*google.com.ng","*google.com.ni","*google.com.np","*google.com.om","*google.com.pa","*google.com.pe","*google.com.pg","*google.com.ph","*google.com.pk","*google.com.pr","*google.com.py","*google.com.qa","*google.com.sa","*google.com.sb","*google.com.sg","*google.com.sl","*google.com.sv","*google.com.tj","*google.com.tr","*google.com.tw","*google.com.ua","*google.com.uy","*google.com.vc","*google.com.vn","*google.cv","*google.cz","*google.de","*google.dj","*google.dk","*google.dm","*google.dz","*google.ee","*google.es","*google.fi","*google.fm","*google.fr","*google.ga","*google.ge","*google.gg","*google.gl","*google.gm","*google.gp","*google.gr","*google.gy","*google.hn","*google.hr","*google.ht","*google.hu","*google.ie","*google.im","*google.iq","*google.is","*google.it","*google.je","*google.jo","*google.kg","*google.ki","*google.kz","*google.la","*google.li","*google.lk","*google.lt","*google.lu","*google.lv","*google.md","*google.me","*google.mg","*google.mk","*google.ml","*google.mn","*google.ms","*google.mu","*google.mv","*google.mw","*google.ne","*google.nl","*google.no","*google.nr","*google.nu","*google.pl","*google.pn","*google.ps","*google.pt","*google.ro","*google.rs","*google.ru","*google.rw","*google.sc","*google.se","*google.sh","*google.si","*google.sk","*google.sm","*google.sn","*google.so","*google.st","*google.td","*google.tg","*google.tk","*google.tl","*google.tm","*google.tn","*google.to","*google.tt","*google.vg","*google.vu","*google.ws","*googlesource.com","*ingress.com","*nest.com","*panoramio.com","*pinpoint-dot-chromeperf.appspot.com","*youtube.com"]}},
{"action":{"type":"block-cookies"},"trigger":{"url-filter":"^https?://([^/]+\\.)?digg\\.com","load-type":["third-party"],"unless-domain":["*digg.com"]}},
{"action":{"type":"block-cookies"},"trigger":{"url-filter":"^https?://([^/]+\\.)?edit\\.yahoo\\.com","load-type":["third-party"],"unless-domain":["*5min.com","*adap.tv","*adtech.com","*adtech.de","*adtechus.com","*advertising.com","*aim.com","*aol.com","*aolcdn.com","*aoltechguru.com","*atwola.com","*autoblog.com","*cambio.com","*dailyfinance.com","*editions.com","*engadget.com","*flickr.com","*flurry.com","*games.com","*homesessive.com","*huffingtonpost.com","*makers.com","*mapquest.com","*moviefone.com","*noisecreep.com","*patch.com","*pawnation.com","*shortcuts.com","*shoutcast.com","*spinner.com","*stylelist.com","*stylemepretty.com","*surphace.com","*techcrunch.com","*theboombox.com","*theboot.com","*tumblr.com","*userplane.com","*winamp.com","*yahoo.co.jp","*yahoo.com","*yahoosmallbusiness.com","*yahoostudios.com","*yuilibrary.com"]}},
{"action":{"type":"block-cookies"},"trigger":{"url-filter":"^https?://([^/]+\\.)?facebook\\.com","load-type":["third-party"],"unless-domain":["*atlassolutions.com","*e.gg","*facebook.com","*facebook.de","*facebook.fr","*facebook.net","*fb.com","*fb.me","*fbcdn.net","*friendfeed.com","*instagram.com","*internalfb.com","*messenger.com","*meta.com","*oculus.com","*oversightboard.com","*whatsapp.com","*workplace.com"]}},
{"action":{"type":"block-cookies"},"trigger":{"url-filter":"^https?://([^/]+\\.)?facebook\\.de","load-type":["third-party"],"unless-domain":["*atlassolutions.com","*e.gg","*facebook.com","*facebook.de","*facebook.fr","*facebook.net","*fb.com","*fb.me","*fbcdn.net","*friendfeed.com","*instagram.com","*internalfb.com","*messenger.com","*meta.com","*oculus.com","*oversightboard.com","*whatsapp.com","*workplace.com"]}},
{"action":{"type":"block-cookies"},"trigger":{"url-filter":"^https?://([^/]+\\.)?facebook\\.fr","load-type":["third-party"],"unless-domain":["*atlassolutions.com","*e.gg","*facebook.com","*facebook.de","*facebook.fr","*facebook.net","*fb.com","*fb.me","*fbcdn.net","*friendfeed.com","*instagram.com","*internalfb.com","*messenger.com","*meta.com","*oculus.com","*oversightboard.com","*whatsapp.com","*workplace.com"]}},
{"action":{"type":"block-cookies"},"trigger":{"url-filter":"^https?://([^/]+\\.)?facebook\\.net","load-type":["third-party"],"unless-domain":["*atlassolutions.com","*e.gg","*facebook.com","*facebook.de","*facebook.fr","*facebook.net","*fb.com","*fb.me","*fbcdn.net","*friendfeed.com","*instagram.com","*internalfb.com","*messenger.com","*meta.com","*oculus.com","*oversightboard.com","*whatsapp.com","*workplace.com"]}},
{"action":{"type":"block-cookies"},"trigger":{"url-filter":"^https?://([^/]+\\.)?fb\\.com","load-type":["third-party"],"unless-domain":["*atlassolutions.com","*e.gg","*facebook.com","*facebook.de","*facebook.fr","*facebook.net","*fb.com","*fb.me","*fbcdn.net","*friendfeed.com","*instagram.com","*internalfb.com","*messenger.com","*meta.com","*oculus.com","*oversightboard.com","*whatsapp.com","*workplace.com"]}},
{"action":{"type":"block-cookies"},"trigger":{"url-filter":"^https?://([^/]+\\.)?fbsbx\\.com","load-type":["third-party"],"unless-domain":["*atlassolutions.com","*e.gg","*facebook.com","*facebook.de","*facebook.fr","*facebook.net","*fb.com","*fb.me","*fbcdn.net","*friendfeed.com","*instagram.com","*internalfb.com","*messenger.com","*meta.com","*oculus.com","*oversightboard.com","*whatsapp.com","*workplace.com"]}},
{"action":{"type":"block-cookies"},"trigger":{"url-filter":"^https?://([^/]+\\.)?friendfeed\\.com","load-type":["third-party"],"unless-domain":["*atlassolutions.com","*e.gg","*facebook.com","*facebook.de","*facebook.fr","*facebook.net","*fb.com","*fb.me","*fbcdn.net","*friendfeed.com","*instagram.com","*internalfb.com","*messenger.com","*meta.com","*oculus.com","*oversightboard.com","*whatsapp.com","*workplace.com"]}},
{"action":{"type":"block-cookies"},"trigger":{"url-filter":"^https?://([^/]+\\.)?gmail\\.com","load-type":["third-party"],"unless-domain":["*abc.xyz","*admeld.com","*blogger.com","*blogspot.com","*chromestatus.com","*crashlytics.com","*google-melange.com","*google.ac","*google.ad","*google.ae","*google.al","*google.am","*google.as","*google.at","*google.az","*google.ba","*google.be","*google.bf","*google.bg","*google.bi","*google.bj","*google.bs","*google.bt","*google.by","*google.ca","*google.cat","*google.cd","*google.cf","*google.cg","*google.ch","*google.ci","*google.cl","*google.cm","*google.cn","*google.co.ao","*google.co.bw","*google.co.ck","*google.co.cr","*google.co.id","*google.co.il","*google.co.in","*google.co.jp","*google.co.ke","*google.co.kr","*google.co.ls","*google.co.ma","*google.co.mz","*google.co.nz","*google.co.th","*google.co.tz","*google.co.ug","*google.co.uk","*google.co.uz","*google.co.ve","*google.co.vi","*google.co.za","*google.co.zm","*google.co.zw","*google.com","*google.com.af","*google.com.ag","*google.com.ai","*google.com.ar","*google.com.au","*google.com.bd","*google.com.bh","*google.com.bn","*google.com.bo","*google.com.br","*google.com.bz","*google.com.co","*google.com.cu","*google.com.cy","*google.com.do","*google.com.ec","*google.com.eg","*google.com.et","*google.com.fj","*google.com.gh","*google.com.gi","*google.com.gt","*google.com.hk","*google.com.jm","*google.com.kh","*google.com.kw","*google.com.lb","*google.com.ly","*google.com.mm","*google.com.mt","*google.com.mx","*google.com.my","*google.com.na","*google.com.nf","*google.com.ng","*google.com.ni","*google.com.np","*google.com.om","*google.com.pa","*google.com.pe","*google.com.pg","*google.com.ph","*google.com.pk","*google.com.pr","*google.com.py","*google.com.qa","*google.com.sa","*google.com.sb","*google.com.sg","*google.com.sl","*google.com.sv","*google.com.tj","*google.com.tr","*google.com.tw","*google.com.ua","*google.com.uy","*google.com.vc","*google.com.vn","*google.cv","*google.cz","*google.de","*google.dj","*google.dk","*google.dm","*google.dz","*google.ee","*google.es","*google.fi","*google.fm","*google.fr","*google.ga","*google.ge","*google.gg","*google.gl","*google.gm","*google.gp","*google.gr","*google.gy","*google.hn","*google.hr","*google.ht","*google.hu","*google.ie","*google.im","*google.iq","*google.is","*google.it","*google.je","*google.jo","*google.kg","*google.ki","*google.kz","*google.la","*google.li","*google.lk","*google.lt","*google.lu","*google.lv","*google.md","*google.me","*google.mg","*google.mk","*google.ml","*google.mn","*google.ms","*google.mu","*google.mv","*google.mw","*google.ne","*google.nl","*google.no","*google.nr","*google.nu","*google.pl","*google.pn","*google.ps","*google.pt","*google.ro","*google.rs","*google.ru","*google.rw","*google.sc","*google.se","*google.sh","*google.si","*google.sk","*google.sm","*google.sn","*google.so","*google.st","*google.td","*google.tg","*google.tk","*google.tl","*google.tm","*google.tn","*google.to","*google.tt","*google.vg","*google.vu","*google.ws","*googlesource.com","*ingress.com","*nest.com","*panoramio.com","*pinpoint-dot-chromeperf.appspot.com","*youtube.com"]}},
{"action":{"type":"block-cookies"},"trigger":{"url-filter":"^https?://([^/]+\\.)?googlemail\\.com","load-type":["third-party"],"unless-domain":["*abc.xyz","*admeld.com","*blogger.com","*blogspot.com","*chromestatus.com","*crashlytics.com","*google-melange.com","*google.ac","*google.ad","*google.ae","*google.al","*google.am","*google.as","*google.at","*google.az","*google.ba","*google.be","*google.bf","*google.bg","*google.bi","*google.bj","*google.bs","*google.bt","*google.by","*google.ca","*google.cat","*google.cd","*google.cf","*google.cg","*google.ch","*google.ci","*google.cl","*google.cm","*google.cn","*google.co.ao","*google.co.bw","*google.co.ck","*google.co.cr","*google.co.id","*google.co.il","*google.co.in","*google.co.jp","*google.co.ke","*google.co.kr","*google.co.ls","*google.co.ma","*google.co.mz","*google.co.nz","*google.co.th","*google.co.tz","*google.co.ug","*google.co.uk","*google.co.uz","*google.co.ve","*google.co.vi","*google.co.za","*google.co.zm","*google.co.zw","*google.com","*google.com.af","*google.com.ag","*google.com.ai","*google.com.ar","*google.com.au","*google.com.bd","*google.com.bh","*google.com.bn","*google.com.bo","*google.com.br","*google.com.bz","*google.com.co","*google.com.cu","*google.com.cy","*google.com.do","*google.com.ec","*google.com.eg","*google.com.et","*google.com.fj","*google.com.gh","*google.com.gi","*google.com.gt","*google.com.hk","*google.com.jm","*google.com.kh","*google.com.kw","*google.com.lb","*google.com.ly","*google.com.mm","*google.com.mt","*google.com.mx","*google.com.my","*google.com.na","*google.com.nf","*google.com.ng","*google.com.ni","*google.com.np","*google.com.om","*google.com.pa","*google.com.pe","*google.com.pg","*google.com.ph","*google.com.pk","*google.com.pr","*google.com.py","*google.com.qa","*google.com.sa","*google.com.sb","*google.com.sg","*google.com.sl","*google.com.sv","*google.com.tj","*google.com.tr","*google.com.tw","*google.com.ua","*google.com.uy","*google.com.vc","*google.com.vn","*google.cv","*google.cz","*google.de","*google.dj","*google.dk","*google.dm","*google.dz","*google.ee","*google.es","*google.fi","*google.fm","*google.fr","*google.ga","*google.ge","*google.gg","*google.gl","*google.gm","*google.gp","*google.gr","*google.gy","*google.hn","*google.hr","*google.ht","*google.hu","*google.ie","*google.im","*google.iq","*google.is","*google.it","*google.je","*google.jo","*google.kg","*google.ki","*google.kz","*google.la","*google.li","*google.lk","*google.lt","*google.lu","*google.lv","*google.md","*google.me","*google.mg","*google.mk","*google.ml","*google.mn","*google.ms","*google.mu","*google.mv","*google.mw","*google.ne","*google.nl","*google.no","*google.nr","*google.nu","*google.pl","*google.pn","*google.ps","*google.pt","*google.ro","*google.rs","*google.ru","*google.rw","*google.sc","*google.se","*google.sh","*google.si","*google.sk","*google.sm","*google.sn","*google.so","*google.st","*google.td","*google.tg","*google.tk","*google.tl","*google.tm","*google.tn","*google.to","*google.tt","*google.vg","*google.vu","*google.ws","*googlesource.com","*ingress.com","*nest.com","*panoramio.com","*pinpoint-dot-chromeperf.appspot.com","*youtube.com"]}},
{"action":{"type":"block-cookies"},"trigger":{"url-filter":"^https?://([^/]+\\.)?inbox\\.google\\.com","load-type":["third-party"],"unless-domain":["*abc.xyz","*admeld.com","*blogger.com","*blogspot.com","*chromestatus.com","*crashlytics.com","*google-melange.com","*google.ac","*google.ad","*google.ae","*google.al","*google.am","*google.as","*google.at","*google.az","*google.ba","*google.be","*google.bf","*google.bg","*google.bi","*google.bj","*google.bs","*google.bt","*google.by","*google.ca","*google.cat","*google.cd","*google.cf","*google.cg","*google.ch","*google.ci","*google.cl","*google.cm","*google.cn","*google.co.ao","*google.co.bw","*google.co.ck","*google.co.cr","*google.co.id","*google.co.il","*google.co.in","*google.co.jp","*google.co.ke","*google.co.kr","*google.co.ls","*google.co.ma","*google.co.mz","*google.co.nz","*google.co.th","*google.co.tz","*google.co.ug","*google.co.uk","*google.co.uz","*google.co.ve","*google.co.vi","*google.co.za","*google.co.zm","*google.co.zw","*google.com","*google.com.af","*google.com.ag","*google.com.ai","*google.com.ar","*google.com.au","*google.com.bd","*google.com.bh","*google.com.bn","*google.com.bo","*google.com.br","*google.com.bz","*google.com.co","*google.com.cu","*google.com.cy","*google.com.do","*google.com.ec","*google.com.eg","*google.com.et","*google.com.fj","*google.com.gh","*google.com.gi","*google.com.gt","*google.com.hk","*google.com.jm","*google.com.kh","*google.com.kw","*google.com.lb","*google.com.ly","*google.com.mm","*google.com.mt","*google.com.mx","*google.com.my","*google.com.na","*google.com.nf","*google.com.ng","*google.com.ni","*google.com.np","*google.com.om","*google.com.pa","*google.com.pe","*google.com.pg","*google.com.ph","*google.com.pk","*google.com.pr","*google.com.py","*google.com.qa","*google.com.sa","*google.com.sb","*google.com.sg","*google.com.sl","*google.com.sv","*google.com.tj","*google.com.tr","*google.com.tw","*google.com.ua","*google.com.uy","*google.com.vc","*google.com.vn","*google.cv","*google.cz","*google.de","*google.dj","*google.dk","*google.dm","*google.dz","*google.ee","*google.es","*google.fi","*google.fm","*google.fr","*google.ga","*google.ge","*google.gg","*google.gl","*google.gm","*google.gp","*google.gr","*google.gy","*google.hn","*google.hr","*google.ht","*google.hu","*google.ie","*google.im","*google.iq","*google.is","*google.it","*google.je","*google.jo","*google.kg","*google.ki","*google.kz","*google.la","*google.li","*google.lk","*google.lt","*google.lu","*google.lv","*google.md","*google.me","*google.mg","*google.mk","*google.ml","*google.mn","*google.ms","*google.mu","*google.mv","*google.mw","*google.ne","*google.nl","*google.no","*google.nr","*google.nu","*google.pl","*google.pn","*google.ps","*google.pt","*google.ro","*google.rs","*google.ru","*google.rw","*google.sc","*google.se","*google.sh","*google.si","*google.sk","*google.sm","*google.sn","*google.so","*google.st","*google.td","*google.tg","*google.tk","*google.tl","*google.tm","*google.tn","*google.to","*google.tt","*google.vg","*google.vu","*google.ws","*googlesource.com","*ingress.com","*nest.com","*panoramio.com","*pinpoint-dot-chromeperf.appspot.com","*youtube.com"]}},
{"action":{"type":"block-cookies"},"trigger":{"url-filter":"^https?://([^/]+\\.)?legalredirect\\.yahoo\\.com","load-type":["third-party"],"unless-domain":["*5min.com","*adap.tv","*adtech.com","*adtech.de","*adtechus.com","*advertising.com","*aim.com","*aol.com","*aolcdn.com","*aoltechguru.com","*atwola.com","*autoblog.com","*cambio.com","*dailyfinance.com","*editions.com","*engadget.com","*flickr.com","*flurry.com","*games.com","*homesessive.com","*huffingtonpost.com","*makers.com","*mapquest.com","*moviefone.com","*noisecreep.com","*patch.com","*pawnation.com","*shortcuts.com","*shoutcast.com","*spinner.com","*stylelist.com","*stylemepretty.com","*surphace.com","*techcrunch.com","*theboombox.com","*theboot.com","*tumblr.com","*userplane.com","*winamp.com","*yahoo.co.jp","*yahoo.com","*yahoosmallbusiness.com","*yahoostudios.com","*yuilibrary.com"]}},
{"action":{"type":"block-cookies"},"trigger":{"url-filter":"^https?://([^/]+\\.)?licdn\\.com","load-type":["third-party"],"unless-domain":["*acompli.net","*aka.ms","*azure.com","*azure.net","*azurerms.com","*bing.com","*clarity.ms","*cloudappsecurity.com","*gamesforwindows.com","*gaug.es","*getgamesmart.com","*gfx.ms","*github.com","*healthvault.com","*hockeyapp.net","*ieaddons.com","*iegallery.com","*linkedin.com","*live.com","*microsoft.com","*microsoftalumni.com","*microsoftalumni.org","*microsoftazuread-sso.com","*microsoftedgeinsider.com","*microsoftedgeinsiders.com","*microsoftonline-p.com","*microsoftonline-p.net","*microsoftonline.com","*microsoftstart.cn","*microsoftstart.com","*microsoftstore.com","*microsoftstream.com","*msappproxy.net","*msft.net","*msftidentity.com","*msidentity.com","*msn.com","*o365weve.com","*oaspapps.com","*office.com","*office365.com","*officelive.com","*onedrive.com","*onenote.com","*outlook.com","*outlookmobile.com","*phonefactor.net","*s-msn.com","*sfx.ms","*sharepoint-df.com","*sharepoint.com","*skype.com","*skypeforbusiness.com","*staffhub.ms","*sway-extensions.com","*sway.com","*trafficmanager.net","*virtualearth.net","*visualstudio.com","*windows.net","*windowsazure.com","*windowsphone.com","*worldwidetelescope.org","*wunderlist.com","*xbox.com","*yammer.com"]}},
{"action":{"type":"block-cookies"},"trigger":{"url-filter":"^https?://([^/]+\\.)?linkedin\\.com","load-type":["third-party"],"unless-domain":["*acompli.net","*aka.ms","*azure.com","*azure.net","*azurerms.com","*bing.com","*clarity.ms","*cloudappsecurity.com","*gamesforwindows.com","*gaug.es","*getgamesmart.com","*gfx.ms","*github.com","*healthvault.com","*hockeyapp.net","*ieaddons.com","*iegallery.com","*linkedin.com","*live.com","*microsoft.com","*microsoftalumni.com","*microsoftalumni.org","*microsoftazuread-sso.com","*microsoftedgeinsider.com","*microsoftedgeinsiders.com","*microsoftonline-p.com","*microsoftonline-p.net","*microsoftonline.com","*microsoftstart.cn","*microsoftstart.com","*microsoftstore.com","*microsoftstream.com","*msappproxy.net","*msft.net","*msftidentity.com","*msidentity.com","*msn.com","*o365weve.com","*oaspapps.com","*office.com","*office365.com","*officelive.com","*onedrive.com","*onenote.com","*outlook.com","*outlookmobile.com","*phonefactor.net","*s-msn.com","*sfx.ms","*sharepoint-df.com","*sharepoint.com","*skype.com","*skypeforbusiness.com","*staffhub.ms","*sway-extensions.com","*sway.com","*trafficmanager.net","*virtualearth.net","*visualstudio.com","*windows.net","*windowsazure.com","*windowsphone.com","*worldwidetelescope.org","*wunderlist.com","*xbox.com","*yammer.com"]}},
{"action":{"type":"block-cookies"},"trigger":{"url-filter":"^https?://([^/]+\\.)?list\\.ru","load-type":["third-party"],"unless-domain":["*list.ru","*mail.ru"]}},
{"action":{"type":"block-cookies"},"trigger":{"url-filter":"^https?://([^/]+\\.)?lockerz\\.com","load-type":["third-party"],"unless-domain":["*lockerz.com"]}},
{"action":{"type":"block-cookies"},"trigger":{"url-filter":"^https?://([^/]+\\.)?login\\.yahoo\\.com","load-type":["third-party"],"unless-domain":["*5min.com","*adap.tv","*adtech.com","*adtech.de","*adtechus.com","*advertising.com","*aim.com","*aol.com","*aolcdn.com","*aoltechguru.com","*atwola.com","*autoblog.com","*cambio.com","*dailyfinance.com","*editions.com","*engadget.com","*flickr.com","*flurry.com","*games.com","*homesessive.com","*huffingtonpost.com","*makers.com","*mapquest.com","*moviefone.com","*noisecreep.com","*patch.com","*pawnation.com","*shortcuts.com","*shoutcast.com","*spinner.com","*stylelist.com","*stylemepretty.com","*surphace.com","*techcrunch.com","*theboombox.com","*theboot.com","*tumblr.com","*userplane.com","*winamp.com","*yahoo.co.jp","*yahoo.com","*yahoosmallbusiness.com","*yahoostudios.com","*yuilibrary.com"]}},
{"action":{"type":"block-cookies"},"trigger":{"url-filter":"^https?://([^/]+\\.)?mail\\.google\\.com","load-type":["third-party"],"unless-domain":["*abc.xyz","*admeld.com","*blogger.com","*blogspot.com","*chromestatus.com","*crashlytics.com","*google-melange.com","*google.ac","*google.ad","*google.ae","*google.al","*google.am","*google.as","*google.at","*google.az","*google.ba","*google.be","*google.bf","*google.bg","*google.bi","*google.bj","*google.bs","*google.bt","*google.by","*google.ca","*google.cat","*google.cd","*google.cf","*google.cg","*google.ch","*google.ci","*google.cl","*google.cm","*google.cn","*google.co.ao","*google.co.bw","*google.co.ck","*google.co.cr","*google.co.id","*google.co.il","*google.co.in","*google.co.jp","*google.co.ke","*google.co.kr","*google.co.ls","*google.co.ma","*google.co.mz","*google.co.nz","*google.co.th","*google.co.tz","*google.co.ug","*google.co.uk","*google.co.uz","*google.co.ve","*google.co.vi","*google.co.za","*google.co.zm","*google.co.zw","*google.com","*google.com.af","*google.com.ag","*google.com.ai","*google.com.ar","*google.com.au","*google.com.bd","*google.com.bh","*google.com.bn","*google.com.bo","*google.com.br","*google.com.bz","*google.com.co","*google.com.cu","*google.com.cy","*google.com.do","*google.com.ec","*google.com.eg","*google.com.et","*google.com.fj","*google.com.gh","*google.com.gi","*google.com.gt","*google.com.hk","*google.com.jm","*google.com.kh","*google.com.kw","*google.com.lb","*google.com.ly","*google.com.mm","*google.com.mt","*google.com.mx","*google.com.my","*google.com.na","*google.com.nf","*google.com.ng","*google.com.ni","*google.com.np","*google.com.om","*google.com.pa","*google.com.pe","*google.com.pg","*google.com.ph","*google.com.pk","*google.com.pr","*google.com.py","*google.com.qa","*google.com.sa","*google.com.sb","*google.com.sg","*google.com.sl","*google.com.sv","*google.com.tj","*google.com.tr","*google.com.tw","*google.com.ua","*google.com.uy","*google.com.vc","*google.com.vn","*google.cv","*google.cz","*google.de","*google.dj","*google.dk","*google.dm","*google.dz","*google.ee","*google.es","*google.fi","*google.fm","*google.fr","*google.ga","*google.ge","*google.gg","*google.gl","*google.gm","*google.gp","*google.gr","*google.gy","*google.hn","*google.hr","*google.ht","*google.hu","*google.ie","*google.im","*google.iq","*google.is","*google.it","*google.je","*google.jo","*google.kg","*google.ki","*google.kz","*google.la","*google.li","*google.lk","*google.lt","*google.lu","*google.lv","*google.md","*google.me","*google.mg","*google.mk","*google.ml","*google.mn","*google.ms","*google.mu","*google.mv","*google.mw","*google.ne","*google.nl","*google.no","*google.nr","*google.nu","*google.pl","*google.pn","*google.ps","*google.pt","*google.ro","*google.rs","*google.ru","*google.rw","*google.sc","*google.se","*google.sh","*google.si","*google.sk","*google.sm","*google.sn","*google.so","*google.st","*google.td","*google.tg","*google.tk","*google.tl","*google.tm","*google.tn","*google.to","*google.tt","*google.vg","*google.vu","*google.ws","*googlesource.com","*ingress.com","*nest.com","*panoramio.com","*pinpoint-dot-chromeperf.appspot.com","*youtube.com"]}},
{"action":{"type":"block-cookies"},"trigger":{"url-filter":"^https?://([^/]+\\.)?mail\\.ru","load-type":["third-party"],"unless-domain":["*list.ru","*mail.ru"]}},
{"action":{"type":"block-cookies"},"trigger":{"url-filter":"^https?://([^/]+\\.)?mail\\.yahoo\\.com","load-type":["third-party"],"unless-domain":["*5min.com","*adap.tv","*adtech.com","*adtech.de","*adtechus.com","*advertising.com","*aim.com","*aol.com","*aolcdn.com","*aoltechguru.com","*atwola.com","*autoblog.com","*cambio.com","*dailyfinance.com","*editions.com","*engadget.com","*flickr.com","*flurry.com","*games.com","*homesessive.com","*huffingtonpost.com","*makers.com","*mapquest.com","*moviefone.com","*noisecreep.com","*patch.com","*pawnation.com","*shortcuts.com","*shoutcast.com","*spinner.com","*stylelist.com","*stylemepretty.com","*surphace.com","*techcrunch.com","*theboombox.com","*theboot.com","*tumblr.com","*userplane.com","*winamp.com","*yahoo.co.jp","*yahoo.com","*yahoosmallbusiness.com","*yahoostudios.com","*yuilibrary.com"]}},
{"action":{"type":"block-cookies"},"trigger":{"url-filter":"^https?://([^/]+\\.)?meebo\\.com","load-type":["third-party"],"unless-domain":["*meebo.com"]}},
{"action":{"type":"block-cookies"},"trigger":{"url-filter":"^https?://([^/]+\\.)?meebocdn\\.net","load-type":["third-party"],"unless-domain":["*meebo.com"]}},
{"action":{"type":"block-cookies"},"trigger":{"url-filter":"^https?://([^/]+\\.)?my\\.yahoo\\.com","load-type":["third-party"],"unless-domain":["*5min.com","*adap.tv","*adtech.com","*adtech.de","*adtechus.com","*advertising.com","*aim.com","*aol.com","*aolcdn.com","*aoltechguru.com","*atwola.com","*autoblog.com","*cambio.com","*dailyfinance.com","*editions.com","*engadget.com","*flickr.com","*flurry.com","*games.com","*homesessive.com","*huffingtonpost.com","*makers.com","*mapquest.com","*moviefone.com","*noisecreep.com","*patch.com","*pawnation.com","*shortcuts.com","*shoutcast.com","*spinner.com","*stylelist.com","*stylemepretty.com","*surphace.com","*techcrunch.com","*theboombox.com","*theboot.com","*tumblr.com","*userplane.com","*winamp.com","*yahoo.co.jp","*yahoo.com","*yahoosmallbusiness.com","*yahoostudios.com","*yuilibrary.com"]}},
{"action":{"type":"block-cookies"},"trigger":{"url-filter":"^https?://([^/]+\\.)?mybloglog\\.com","load-type":["third-party"],"unless-domain":["*5min.com","*adap.tv","*adtech.com","*adtech.de","*adtechus.com","*advertising.com","*aim.com","*aol.com","*aolcdn.com","*aoltechguru.com","*atwola.com","*autoblog.com","*cambio.com","*dailyfinance.com","*editions.com","*engadget.com","*flickr.com","*flurry.com","*games.com","*homesessive.com","*huffingtonpost.com","*makers.com","*mapquest.com","*moviefone.com","*noisecreep.com","*patch.com","*pawnation.com","*shortcuts.com","*shoutcast.com","*spinner.com","*stylelist.com","*stylemepretty.com","*surphace.com","*techcrunch.com","*theboombox.com","*theboot.com","*tumblr.com","*userplane.com","*winamp.com","*yahoo.co.jp","*yahoo.com","*yahoosmallbusiness.com","*yahoostudios.com","*yuilibrary.com"]}},
{"action":{"type":"block-cookies"},"trigger":{"url-filter":"^https?://([^/]+\\.)?notepad\\.yahoo\\.com","load-type":["third-party"],"unless-domain":["*5min.com","*adap.tv","*adtech.com","*adtech.de","*adtechus.com","*advertising.com","*aim.com","*aol.com","*aolcdn.com","*aoltechguru.com","*atwola.com","*autoblog.com","*cambio.com","*dailyfinance.com","*editions.com","*engadget.com","*flickr.com","*flurry.com","*games.com","*homesessive.com","*huffingtonpost.com","*makers.com","*mapquest.com","*moviefone.com","*noisecreep.com","*patch.com","*pawnation.com","*shortcuts.com","*shoutcast.com","*spinner.com","*stylelist.com","*stylemepretty.com","*surphace.com","*techcrunch.com","*theboombox.com","*theboot.com","*tumblr.com","*userplane.com","*winamp.com","*yahoo.co.jp","*yahoo.com","*yahoosmallbusiness.com","*yahoostudios.com","*yuilibrary.com"]}},
{"action":{"type":"block-cookies"},"trigger":{"url-filter":"^https?://([^/]+\\.)?orkut\\.com","load-type":["third-party"]}},
{"action":{"type":"block-cookies"},"trigger":{"url-filter":"^https?://([^/]+\\.)?papayamobile\\.com","load-type":["third-party"],"unless-domain":["*papayamobile.com"]}},
{"action":{"type":"block-cookies"},"trigger":{"url-filter":"^https?://([^/]+\\.)?plus\\.google\\.com","load-type":["third-party"],"unless-domain":["*abc.xyz","*admeld.com","*blogger.com","*blogspot.com","*chromestatus.com","*crashlytics.com","*google-melange.com","*google.ac","*google.ad","*google.ae","*google.al","*google.am","*google.as","*google.at","*google.az","*google.ba","*google.be","*google.bf","*google.bg","*google.bi","*google.bj","*google.bs","*google.bt","*google.by","*google.ca","*google.cat","*google.cd","*google.cf","*google.cg","*google.ch","*google.ci","*google.cl","*google.cm","*google.cn","*google.co.ao","*google.co.bw","*google.co.ck","*google.co.cr","*google.co.id","*google.co.il","*google.co.in","*google.co.jp","*google.co.ke","*google.co.kr","*google.co.ls","*google.co.ma","*google.co.mz","*google.co.nz","*google.co.th","*google.co.tz","*google.co.ug","*google.co.uk","*google.co.uz","*google.co.ve","*google.co.vi","*google.co.za","*google.co.zm","*google.co.zw","*google.com","*google.com.af","*google.com.ag","*google.com.ai","*google.com.ar","*google.com.au","*google.com.bd","*google.com.bh","*google.com.bn","*google.com.bo","*google.com.br","*google.com.bz","*google.com.co","*google.com.cu","*google.com.cy","*google.com.do","*google.com.ec","*google.com.eg","*google.com.et","*google.com.fj","*google.com.gh","*google.com.gi","*google.com.gt","*google.com.hk","*google.com.jm","*google.com.kh","*google.com.kw","*google.com.lb","*google.com.ly","*google.com.mm","*google.com.mt","*google.com.mx","*google.com.my","*google.com.na","*google.com.nf","*google.com.ng","*google.com.ni","*google.com.np","*google.com.om","*google.com.pa","*google.com.pe","*google.com.pg","*google.com.ph","*google.com.pk","*google.com.pr","*google.com.py","*google.com.qa","*google.com.sa","*google.com.sb","*google.com.sg","*google.com.sl","*google.com.sv","*google.com.tj","*google.com.tr","*google.com.tw","*google.com.ua","*google.com.uy","*google.com.vc","*google.com.vn","*google.cv","*google.cz","*google.de","*google.dj","*google.dk","*google.dm","*google.dz","*google.ee","*google.es","*google.fi","*google.fm","*google.fr","*google.ga","*google.ge","*google.gg","*google.gl","*google.gm","*google.gp","*google.gr","*google.gy","*google.hn","*google.hr","*google.ht","*google.hu","*google.ie","*google.im","*google.iq","*google.is","*google.it","*google.je","*google.jo","*google.kg","*google.ki","*google.kz","*google.la","*google.li","*google.lk","*google.lt","*google.lu","*google.lv","*google.md","*google.me","*google.mg","*google.mk","*google.ml","*google.mn","*google.ms","*google.mu","*google.mv","*google.mw","*google.ne","*google.nl","*google.no","*google.nr","*google.nu","*google.pl","*google.pn","*google.ps","*google.pt","*google.ro","*google.rs","*google.ru","*google.rw","*google.sc","*google.se","*google.sh","*google.si","*google.sk","*google.sm","*google.sn","*google.so","*google.st","*google.td","*google.tg","*google.tk","*google.tl","*google.tm","*google.tn","*google.to","*google.tt","*google.vg","*google.vu","*google.ws","*googlesource.com","*ingress.com","*nest.com","*panoramio.com","*pinpoint-dot-chromeperf.appspot.com","*youtube.com"]}},
{"action":{"type":"block-cookies"},"trigger":{"url-filter":"^https?://([^/]+\\.)?plusone\\.google\\.com","load-type":["third-party"],"unless-domain":["*abc.xyz","*admeld.com","*blogger.com","*blogspot.com","*chromestatus.com","*crashlytics.com","*google-melange.com","*google.ac","*google.ad","*google.ae","*google.al","*google.am","*google.as","*google.at","*google.az","*google.ba","*google.be","*google.bf","*google.bg","*google.bi","*google.bj","*google.bs","*google.bt","*google.by","*google.ca","*google.cat","*google.cd","*google.cf","*google.cg","*google.ch","*google.ci","*google.cl","*google.cm","*google.cn","*google.co.ao","*google.co.bw","*google.co.ck","*google.co.cr","*google.co.id","*google.co.il","*google.co.in","*google.co.jp","*google.co.ke","*google.co.kr","*google.co.ls","*google.co.ma","*google.co.mz","*google.co.nz","*google.co.th","*google.co.tz","*google.co.ug","*google.co.uk","*google.co.uz","*google.co.ve","*google.co.vi","*google.co.za","*google.co.zm","*google.co.zw","*google.com","*google.com.af","*google.com.ag","*google.com.ai","*google.com.ar","*google.com.au","*google.com.bd","*google.com.bh","*google.com.bn","*google.com.bo","*google.com.br","*google.com.bz","*google.com.co","*google.com.cu","*google.com.cy","*google.com.do","*google.com.ec","*google.com.eg","*google.com.et","*google.com.fj","*google.com.gh","*google.com.gi","*google.com.gt","*google.com.hk","*google.com.jm","*google.com.kh","*google.com.kw","*google.com.lb","*google.com.ly","*google.com.mm","*google.com.mt","*google.com.mx","*google.com.my","*google.com.na","*google.com.nf","*google.com.ng","*google.com.ni","*google.com.np","*google.com.om","*google.com.pa","*google.com.pe","*google.com.pg","*google.com.ph","*google.com.pk","*google.com.pr","*google.com.py","*google.com.qa","*google.com.sa","*google.com.sb","*google.com.sg","*google.com.sl","*google.com.sv","*google.com.tj","*google.com.tr","*google.com.tw","*google.com.ua","*google.com.uy","*google.com.vc","*google.com.vn","*google.cv","*google.cz","*google.de","*google.dj","*google.dk","*google.dm","*google.dz","*google.ee","*google.es","*google.fi","*google.fm","*google.fr","*google.ga","*google.ge","*google.gg","*google.gl","*google.gm","*google.gp","*google.gr","*google.gy","*google.hn","*google.hr","*google.ht","*google.hu","*google.ie","*google.im","*google.iq","*google.is","*google.it","*google.je","*google.jo","*google.kg","*google.ki","*google.kz","*google.la","*google.li","*google.lk","*google.lt","*google.lu","*google.lv","*google.md","*google.me","*google.mg","*google.mk","*google.ml","*google.mn","*google.ms","*google.mu","*google.mv","*google.mw","*google.ne","*google.nl","*google.no","*google.nr","*google.nu","*google.pl","*google.pn","*google.ps","*google.pt","*google.ro","*google.rs","*google.ru","*google.rw","*google.sc","*google.se","*google.sh","*google.si","*google.sk","*google.sm","*google.sn","*google.so","*google.st","*google.td","*google.tg","*google.tk","*google.tl","*google.tm","*google.tn","*google.to","*google.tt","*google.vg","*google.vu","*google.ws","*googlesource.com","*ingress.com","*nest.com","*panoramio.com","*pinpoint-dot-chromeperf.appspot.com","*youtube.com"]}},
{"action":{"type":"block-cookies"},"trigger":{"url-filter":"^https?://([^/]+\\.)?pulse\\.yahoo\\.com","load-type":["third-party"],"unless-domain":["*5min.com","*adap.tv","*adtech.com","*adtech.de","*adtechus.com","*advertising.com","*aim.com","*aol.com","*aolcdn.com","*aoltechguru.com","*atwola.com","*autoblog.com","*cambio.com","*dailyfinance.com","*editions.com","*engadget.com","*flickr.com","*flurry.com","*games.com","*homesessive.com","*huffingtonpost.com","*makers.com","*mapquest.com","*moviefone.com","*noisecreep.com","*patch.com","*pawnation.com","*shortcuts.com","*shoutcast.com","*spinner.com","*stylelist.com","*stylemepretty.com","*surphace.com","*techcrunch.com","*theboombox.com","*theboot.com","*tumblr.com","*userplane.com","*winamp.com","*yahoo.co.jp","*yahoo.com","*yahoosmallbusiness.com","*yahoostudios.com","*yuilibrary.com"]}},
{"action":{"type":"block-cookies"},"trigger":{"url-filter":"^https?://([^/]+\\.)?reddit\\.com","load-type":["third-party"],"unless-domain":["*reddit.com"]}},
{"action":{"type":"block-cookies"},"trigger":{"url-filter":"^https?://([^/]+\\.)?rocketmail\\.com","load-type":["third-party"],"unless-domain":["*5min.com","*adap.tv","*adtech.com","*adtech.de","*adtechus.com","*advertising.com","*aim.com","*aol.com","*aolcdn.com","*aoltechguru.com","*atwola.com","*autoblog.com","*cambio.com","*dailyfinance.com","*editions.com","*engadget.com","*flickr.com","*flurry.com","*games.com","*homesessive.com","*huffingtonpost.com","*makers.com","*mapquest.com","*moviefone.com","*noisecreep.com","*patch.com","*pawnation.com","*shortcuts.com","*shoutcast.com","*spinner.com","*stylelist.com","*stylemepretty.com","*surphace.com","*techcrunch.com","*theboombox.com","*theboot.com","*tumblr.com","*userplane.com","*winamp.com","*yahoo.co.jp","*yahoo.com","*yahoosmallbusiness.com","*yahoostudios.com","*yuilibrary.com"]}},
{"action":{"type":"block-cookies"},"trigger":{"url-filter":"^https?://([^/]+\\.)?shareaholic\\.com","load-type":["third-party"],"unless-domain":["*shareaholic.com"]}},
{"action":{"type":"block-cookies"},"trigger":{"url-filter":"^https?://([^/]+\\.)?sharethis\\.com","load-type":["third-party"],"unless-domain":["*sharethis.com"]}},
{"action":{"type":"block-cookies"},"trigger":{"url-filter":"^https?://([^/]+\\.)?smartlock\\.google\\.com","load-type":["third-party"],"unless-domain":["*abc.xyz","*admeld.com","*blogger.com","*blogspot.com","*chromestatus.com","*crashlytics.com","*google-melange.com","*google.ac","*google.ad","*google.ae","*google.al","*google.am","*google.as","*google.at","*google.az","*google.ba","*google.be","*google.bf","*google.bg","*google.bi","*google.bj","*google.bs","*google.bt","*google.by","*google.ca","*google.cat","*google.cd","*google.cf","*google.cg","*google.ch","*google.ci","*google.cl","*google.cm","*google.cn","*google.co.ao","*google.co.bw","*google.co.ck","*google.co.cr","*google.co.id","*google.co.il","*google.co.in","*google.co.jp","*google.co.ke","*google.co.kr","*google.co.ls","*google.co.ma","*google.co.mz","*google.co.nz","*google.co.th","*google.co.tz","*google.co.ug","*google.co.uk","*google.co.uz","*google.co.ve","*google.co.vi","*google.co.za","*google.co.zm","*google.co.zw","*google.com","*google.com.af","*google.com.ag","*google.com.ai","*google.com.ar","*google.com.au","*google.com.bd","*google.com.bh","*google.com.bn","*google.com.bo","*google.com.br","*google.com.bz","*google.com.co","*google.com.cu","*google.com.cy","*google.com.do","*google.com.ec","*google.com.eg","*google.com.et","*google.com.fj","*google.com.gh","*google.com.gi","*google.com.gt","*google.com.hk","*google.com.jm","*google.com.kh","*google.com.kw","*google.com.lb","*google.com.ly","*google.com.mm","*google.com.mt","*google.com.mx","*google.com.my","*google.com.na","*google.com.nf","*google.com.ng","*google.com.ni","*google.com.np","*google.com.om","*google.com.pa","*google.com.pe","*google.com.pg","*google.com.ph","*google.com.pk","*google.com.pr","*google.com.py","*google.com.qa","*google.com.sa","*google.com.sb","*google.com.sg","*google.com.sl","*google.com.sv","*google.com.tj","*google.com.tr","*google.com.tw","*google.com.ua","*google.com.uy","*google.com.vc","*google.com.vn","*google.cv","*google.cz","*google.de","*google.dj","*google.dk","*google.dm","*google.dz","*google.ee","*google.es","*google.fi","*google.fm","*google.fr","*google.ga","*google.ge","*google.gg","*google.gl","*google.gm","*google.gp","*google.gr","*google.gy","*google.hn","*google.hr","*google.ht","*google.hu","*google.ie","*google.im","*google.iq","*google.is","*google.it","*google.je","*google.jo","*google.kg","*google.ki","*google.kz","*google.la","*google.li","*google.lk","*google.lt","*google.lu","*google.lv","*google.md","*google.me","*google.mg","*google.mk","*google.ml","*google.mn","*google.ms","*google.mu","*google.mv","*google.mw","*google.ne","*google.nl","*google.no","*google.nr","*google.nu","*google.pl","*google.pn","*google.ps","*google.pt","*google.ro","*google.rs","*google.ru","*google.rw","*google.sc","*google.se","*google.sh","*google.si","*google.sk","*google.sm","*google.sn","*google.so","*google.st","*google.td","*google.tg","*google.tk","*google.tl","*google.tm","*google.tn","*google.to","*google.tt","*google.vg","*google.vu","*google.ws","*googlesource.com","*ingress.com","*nest.com","*panoramio.com","*pinpoint-dot-chromeperf.appspot.com","*youtube.com"]}},
{"action":{"type":"block-cookies"},"trigger":{"url-filter":"^https?://([^/]+\\.)?stumble-upon\\.com","load-type":["third-party"],"unless-domain":["*stumbleupon.com"]}},
{"action":{"type":"block-cookies"},"trigger":{"url-filter":"^https?://([^/]+\\.)?stumbleupon\\.com","load-type":["third-party"],"unless-domain":["*stumbleupon.com"]}},
{"action":{"type":"block-cookies"},"trigger":{"url-filter":"^https?://([^/]+\\.)?twimg\\.com","load-type":["third-party"],"unless-domain":["*digits.com","*fabric.io","*tweetdeck.com","*twitter.com","*twitter.jp"]}},
{"action":{"type":"block-cookies"},"trigger":{"url-filter":"^https?://([^/]+\\.)?twitter\\.com","load-type":["third-party"],"unless-domain":["*digits.com","*fabric.io","*tweetdeck.com","*twitter.com","*twitter.jp"]}},
{"action":{"type":"block-cookies"},"trigger":{"url-filter":"^https?://([^/]+\\.)?twitter\\.jp","load-type":["third-party"],"unless-domain":["*digits.com","*fabric.io","*tweetdeck.com","*twitter.com","*twitter.jp"]}},
{"action":{"type":"block-cookies"},"trigger":{"url-filter":"^https?://([^/]+\\.)?userapi\\.com","load-type":["third-party"],"unless-domain":["*vk.com"]}},
{"action":{"type":"block-cookies"},"trigger":{"url-filter":"^https?://([^/]+\\.)?vk\\.com","load-type":["third-party"],"unless-domain":["*vk.com"]}},
{"action":{"type":"block-cookies"},"trigger":{"url-filter":"^https?://([^/]+\\.)?vkontakte\\.ru","load-type":["third-party"],"unless-domain":["*vk.com"]}},
{"action":{"type":"block-cookies"},"trigger":{"url-filter":"^https?://([^/]+\\.)?voice\\.google\\.com","load-type":["third-party"],"unless-domain":["*abc.xyz","*admeld.com","*blogger.com","*blogspot.com","*chromestatus.com","*crashlytics.com","*google-melange.com","*google.ac","*google.ad","*google.ae","*google.al","*google.am","*google.as","*google.at","*google.az","*google.ba","*google.be","*google.bf","*google.bg","*google.bi","*google.bj","*google.bs","*google.bt","*google.by","*google.ca","*google.cat","*google.cd","*google.cf","*google.cg","*google.ch","*google.ci","*google.cl","*google.cm","*google.cn","*google.co.ao","*google.co.bw","*google.co.ck","*google.co.cr","*google.co.id","*google.co.il","*google.co.in","*google.co.jp","*google.co.ke","*google.co.kr","*google.co.ls","*google.co.ma","*google.co.mz","*google.co.nz","*google.co.th","*google.co.tz","*google.co.ug","*google.co.uk","*google.co.uz","*google.co.ve","*google.co.vi","*google.co.za","*google.co.zm","*google.co.zw","*google.com","*google.com.af","*google.com.ag","*google.com.ai","*google.com.ar","*google.com.au","*google.com.bd","*google.com.bh","*google.com.bn","*google.com.bo","*google.com.br","*google.com.bz","*google.com.co","*google.com.cu","*google.com.cy","*google.com.do","*google.com.ec","*google.com.eg","*google.com.et","*google.com.fj","*google.com.gh","*google.com.gi","*google.com.gt","*google.com.hk","*google.com.jm","*google.com.kh","*google.com.kw","*google.com.lb","*google.com.ly","*google.com.mm","*google.com.mt","*google.com.mx","*google.com.my","*google.com.na","*google.com.nf","*google.com.ng","*google.com.ni","*google.com.np","*google.com.om","*google.com.pa","*google.com.pe","*google.com.pg","*google.com.ph","*google.com.pk","*google.com.pr","*google.com.py","*google.com.qa","*google.com.sa","*google.com.sb","*google.com.sg","*google.com.sl","*google.com.sv","*google.com.tj","*google.com.tr","*google.com.tw","*google.com.ua","*google.com.uy","*google.com.vc","*google.com.vn","*google.cv","*google.cz","*google.de","*google.dj","*google.dk","*google.dm","*google.dz","*google.ee","*google.es","*google.fi","*google.fm","*google.fr","*google.ga","*google.ge","*google.gg","*google.gl","*google.gm","*google.gp","*google.gr","*google.gy","*google.hn","*google.hr","*google.ht","*google.hu","*google.ie","*google.im","*google.iq","*google.is","*google.it","*google.je","*google.jo","*google.kg","*google.ki","*google.kz","*google.la","*google.li","*google.lk","*google.lt","*google.lu","*google.lv","*google.md","*google.me","*google.mg","*google.mk","*google.ml","*google.mn","*google.ms","*google.mu","*google.mv","*google.mw","*google.ne","*google.nl","*google.no","*google.nr","*google.nu","*google.pl","*google.pn","*google.ps","*google.pt","*google.ro","*google.rs","*google.ru","*google.rw","*google.sc","*google.se","*google.sh","*google.si","*google.sk","*google.sm","*google.sn","*google.so","*google.st","*google.td","*google.tg","*google.tk","*google.tl","*google.tm","*google.tn","*google.to","*google.tt","*google.vg","*google.vu","*google.ws","*googlesource.com","*ingress.com","*nest.com","*panoramio.com","*pinpoint-dot-chromeperf.appspot.com","*youtube.com"]}},
{"action":{"type":"block-cookies"},"trigger":{"url-filter":"^https?://([^/]+\\.)?wave\\.google\\.com","load-type":["third-party"],"unless-domain":["*abc.xyz","*admeld.com","*blogger.com","*blogspot.com","*chromestatus.com","*crashlytics.com","*google-melange.com","*google.ac","*google.ad","*google.ae","*google.al","*google.am","*google.as","*google.at","*google.az","*google.ba","*google.be","*google.bf","*google.bg","*google.bi","*google.bj","*google.bs","*google.bt","*google.by","*google.ca","*google.cat","*google.cd","*google.cf","*google.cg","*google.ch","*google.ci","*google.cl","*google.cm","*google.cn","*google.co.ao","*google.co.bw","*google.co.ck","*google.co.cr","*google.co.id","*google.co.il","*google.co.in","*google.co.jp","*google.co.ke","*google.co.kr","*google.co.ls","*google.co.ma","*google.co.mz","*google.co.nz","*google.co.th","*google.co.tz","*google.co.ug","*google.co.uk","*google.co.uz","*google.co.ve","*google.co.vi","*google.co.za","*google.co.zm","*google.co.zw","*google.com","*google.com.af","*google.com.ag","*google.com.ai","*google.com.ar","*google.com.au","*google.com.bd","*google.com.bh","*google.com.bn","*google.com.bo","*google.com.br","*google.com.bz","*google.com.co","*google.com.cu","*google.com.cy","*google.com.do","*google.com.ec","*google.com.eg","*google.com.et","*google.com.fj","*google.com.gh","*google.com.gi","*google.com.gt","*google.com.hk","*google.com.jm","*google.com.kh","*google.com.kw","*google.com.lb","*google.com.ly","*google.com.mm","*google.com.mt","*google.com.mx","*google.com.my","*google.com.na","*google.com.nf","*google.com.ng","*google.com.ni","*google.com.np","*google.com.om","*google.com.pa","*google.com.pe","*google.com.pg","*google.com.ph","*google.com.pk","*google.com.pr","*google.com.py","*google.com.qa","*google.com.sa","*google.com.sb","*google.com.sg","*google.com.sl","*google.com.sv","*google.com.tj","*google.com.tr","*google.com.tw","*google.com.ua","*google.com.uy","*google.com.vc","*google.com.vn","*google.cv","*google.cz","*google.de","*google.dj","*google.dk","*google.dm","*google.dz","*google.ee","*google.es","*google.fi","*google.fm","*google.fr","*google.ga","*google.ge","*google.gg","*google.gl","*google.gm","*google.gp","*google.gr","*google.gy","*google.hn","*google.hr","*google.ht","*google.hu","*google.ie","*google.im","*google.iq","*google.is","*google.it","*google.je","*google.jo","*google.kg","*google.ki","*google.kz","*google.la","*google.li","*google.lk","*google.lt","*google.lu","*google.lv","*google.md","*google.me","*google.mg","*google.mk","*google.ml","*google.mn","*google.ms","*google.mu","*google.mv","*google.mw","*google.ne","*google.nl","*google.no","*google.nr","*google.nu","*google.pl","*google.pn","*google.ps","*google.pt","*google.ro","*google.rs","*google.ru","*google.rw","*google.sc","*google.se","*google.sh","*google.si","*google.sk","*google.sm","*google.sn","*google.so","*google.st","*google.td","*google.tg","*google.tk","*google.tl","*google.tm","*google.tn","*google.to","*google.tt","*google.vg","*google.vu","*google.ws","*googlesource.com","*ingress.com","*nest.com","*panoramio.com","*pinpoint-dot-chromeperf.appspot.com","*youtube.com"]}},
{"action":{"type":"block-cookies"},"trigger":{"url-filter":"^https?://([^/]+\\.)?webmessenger\\.yahoo\\.com","load-type":["third-party"],"unless-domain":["*5min.com","*adap.tv","*adtech.com","*adtech.de","*adtechus.com","*advertising.com","*aim.com","*aol.com","*aolcdn.com","*aoltechguru.com","*atwola.com","*autoblog.com","*cambio.com","*dailyfinance.com","*editions.com","*engadget.com","*flickr.com","*flurry.com","*games.com","*homesessive.com","*huffingtonpost.com","*makers.com","*mapquest.com","*moviefone.com","*noisecreep.com","*patch.com","*pawnation.com","*shortcuts.com","*shoutcast.com","*spinner.com","*stylelist.com","*stylemepretty.com","*surphace.com","*techcrunch.com","*theboombox.com","*theboot.com","*tumblr.com","*userplane.com","*winamp.com","*yahoo.co.jp","*yahoo.com","*yahoosmallbusiness.com","*yahoostudios.com","*yuilibrary.com"]}},
{"action":{"type":"block-cookies"},"trigger":{"url-filter":"^https?://([^/]+\\.)?xgraph\\.com","load-type":["third-party"],"unless-domain":["*addthis.com"]}},
{"action":{"type":"block-cookies"},"trigger":{"url-filter":"^https?://([^/]+\\.)?xgraph\\.net","load-type":["third-party"],"unless-domain":["*addthis.com"]}},
{"action":{"type":"block-cookies"},"trigger":{"url-filter":"^https?://([^/]+\\.)?ymail\\.com","load-type":["third-party"],"unless-domain":["*5min.com","*adap.tv","*adtech.com","*adtech.de","*adtechus.com","*advertising.com","*aim.com","*aol.com","*aolcdn.com","*aoltechguru.com","*atwola.com","*autoblog.com","*cambio.com","*dailyfinance.com","*editions.com","*engadget.com","*flickr.com","*flurry.com","*games.com","*homesessive.com","*huffingtonpost.com","*makers.com","*mapquest.com","*moviefone.com","*noisecreep.com","*patch.com","*pawnation.com","*shortcuts.com","*shoutcast.com","*spinner.com","*stylelist.com","*stylemepretty.com","*surphace.com","*techcrunch.com","*theboombox.com","*theboot.com","*tumblr.com","*userplane.com","*winamp.com","*yahoo.co.jp","*yahoo.com","*yahoosmallbusiness.com","*yahoostudios.com","*yuilibrary.com"]}}
]