[
{"action":{"type":"block-cookies"},"trigger":{"url-filter":"^https?://([^/]+\\.)?3dstats\\.com","load-type":["third-party"],"unless-domain":["*3dstats.com","*addfreestats.com"]}},
{"action":{"type":"block-cookies"},"trigger":{"url-filter":"^https?://([^/]+\\.)?4u\\.pl","load-type":["third-party"],"unless-domain":["*4u.pl"]}},
{"action":{"type":"block-cookies"},"trigger":{"url-filter":"^https?://([^/]+\\.)?63squares\\.com","load-type":["third-party"],"unless-domain":["*63labs.com"]}},
{"action":{"type":"block-cookies"},"trigger":{"url-filter":"^https?://([^/]+\\.)?9c9media\\.ca","load-type":["third-party"],"unless-domain":["*9c9media.ca","*markmonitor.com"]}},
{"action":{"type":"block-cookies"},"trigger":{"url-filter":"^https?://([^/]+\\.)?acxiom\\.com","load-type":["third-party"],"unless-domain":["*acxiom.com","*mm7.net"]}},
{"action":{"type":"block-cookies"},"trigger":{"url-filter":"^https?://([^/]+\\.)?acxiomapac\\.com","load-type":["third-party"],"unless-domain":["*acxiom.com","*mm7.net"]}},
{"action":{"type":"block-cookies"},"trigger":{"url-filter":"^https?://([^/]+\\.)?addfreestats\\.com","load-type":["third-party"],"unless-domain":["*3dstats.com","*addfreestats.com"]}},
{"action":{"type":"block-cookies"},"trigger":{"url-filter":"^https?://([^/]+\\.)?adloox\\.com","load-type":["third-party"],"unless-domain":["*adloox.com"]}},
{"action":{"type":"block-cookies"},"trigger":{"url-filter":"^https?://([^/]+\\.)?adlooxtracking\\.com","load-type":["third-party"],"unless-domain":["*adloox.com"]}},
{"action":{"type":"block-cookies"},"trigger":{"url-filter":"^https?://([^/]+\\.)?adventori\\.com","load-type":["third-party"],"unless-domain":["*adventori.com"]}},
{"action":{"type":"block-cookies"},"trigger":{"url-filter":"^https?://([^/]+\\.)?advombat\\.ru","load-type":["third-party"],"unless-domain":["*advombat.ru","*aidata.me"]}},
{"action":{"type":"block-cookies"},"trigger":{"url-filter":"^https?://([^/]+\\.)?adxyield\\.com","load-type":["third-party"],"unless-domain":["*adzmath.com","*whiteops.com"]}},
{"action":{"type":"block-cookies"},"trigger":{"url-filter":"^https?://([^/]+\\.)?adzmath\\.com","load-type":["third-party"],"unless-domain":["*adzmath.com","*whiteops.com"]}},
{"action":{"type":"block-cookies"},"trigger":{"url-filter":"^https?://([^/]+\\.)?aidata\\.me","load-type":["third-party"],"unless-domain":["*advombat.ru","*aidata.me"]}},
{"action":{"type":"block-cookies"},"trigger":{"url-filter":"^https?://([^/]+\\.)?aivalabs\\.com","load-type":["third-party"],"unless-domain":["*aivalabs.com"]}},
{"action":{"type":"block-cookies"},"trigger":{"url-filter":"^https?://([^/]+\\.)?alexametrics\\.com","load-type":["third-party"],"unless-domain":["*6pm.com","*abebooks.co.uk","*abebooks.com","*abebooks.de","*abebooks.fr","*abebooks.it","*acx.com","*alexa.com","*amazon.ae","*amazon.ca","*amazon.cn","*amazon.co.jp","*amazon.co.uk","*amazon.com","*amazon.com.au","*amazon.com.br","*amazon.com.mx","*amazon.com.sg","*amazon.com.tr","*amazon.de","*amazon.es","*amazon.fr","*amazon.in","*amazon.it","*amazon.nl","*amazon.sa","*amazon.se","*amazon.sg","*amazonaws.com","*amazoninspire.com","*assoc-amazon.com","*audible.co.jp","*audible.co.uk","*audible.com","*audible.de","*audible.fr","*audible.in","*audible.it","*bookdepository.com","*boxofficemojo.com","*brilliancepublishing.com","*comixology.com","*createspace.com","*dpreview.com","*dpreview.in","*eastdane.com","*fabric.com","*goodreads.com","*iberlibro.com","*imdb.com","*imdb.de","*junglee.com","*look.com","*pillpack.com","*sagemaker.aws","*shopbop.com","*souq.com","*twitch.com","*twitch.tv","*wholefoodsmarket.com","*withoutabox.com","*woot.com","*yoyo.com","*zappos.com","*zvab.com"]}},
{"action":{"type":"block-cookies"},"trigger":{"url-filter":"^https?://([^/]+\\.)?amadesa\\.com","load-type":["third-party"],"unless-domain":["*amadesa.com"]}},
{"action":{"type":"block-cookies"},"trigger":{"url-filter":"^https?://([^/]+\\.)?amazingcounters\\.com","load-type":["third-party"],"unless-domain":["*amazingcounters.com"]}},
{"action":{"type":"block-cookies"},"trigger":{"url-filter":"^https?://([^/]+\\.)?amplitude\\.com","load-type":["third-party"],"unless-domain":["*amplitude.com"]}},
{"action":{"type":"block-cookies"},"trigger":{"url-filter":"^https?://([^/]+\\.)?amung\\.us","load-type":["third-party"],"unless-domain":["*amung.us"]}},
{"action":{"type":"block-cookies"},"trigger":{"url-filter":"^https?://([^/]+\\.)?analytics\\.yahoo\\.com","load-type":["third-party"],"unless-domain":["*5min.com","*adap.tv","*adtech.com","*adtech.de","*adtechus.com","*advertising.com","*aim.com","*aol.com","*aolcdn.com","*aoltechguru.com","*atwola.com","*autoblog.com","*cambio.com","*dailyfinance.com","*editions.com","*engadget.com","*flickr.com","*flurry.com","*games.com","*homesessive.com","*huffingtonpost.com","*makers.com","*mapquest.com","*moviefone.com","*noisecreep.com","*patch.com","*pawnation.com","*shortcuts.com","*shoutcast.com","*spinner.com","*stylelist.com","*stylemepretty.com","*surphace.com","*techcrunch.com","*theboombox.com","*theboot.com","*tumblr.com","*userplane.com","*winamp.com","*yahoo.co.jp","*yahoo.com","*yahoosmallbusiness.com","*yahoostudios.com","*yuilibrary.com"]}},
{"action":{"type":"block-cookies"},"trigger":{"url-filter":"^https?://([^/]+\\.)?anormal-media\\.de","load-type":["third-party"],"unless-domain":["*anormal-media.de","*primawebtools.de"]}},
{"action":{"type":"block-cookies"},"trigger":{"url-filter":"^https?://([^/]+\\.)?anormal-tracker\\.de","load-type":["third-party"],"unless-domain":["*anormal-media.de","*primawebtools.de"]}},
{"action":{"type":"block-cookies"},"trigger":{"url-filter":"^https?://([^/]+\\.)?antifraudjs\\.friends2follow\\.com","load-type":["third-party"],"unless-domain":["*friends2follow.com"]}},
{"action":{"type":"block-cookies"},"trigger":{"url-filter":"^https?://([^/]+\\.)?apnewsregistry\\.com","load-type":["third-party"],"unless-domain":["*apnewsregistry.com","*newsright.com"]}},
{"action":{"type":"block-cookies"},"trigger":{"url-filter":"^https?://([^/]+\\.)?at-o\\.net","load-type":["third-party"],"unless-domain":["*atinternet.com","*xiti.com"]}},
{"action":{"type":"block-cookies"},"trigger":{"url-filter":"^https?://([^/]+\\.)?atinternet\\.com","load-type":["third-party"],"unless-domain":["*atinternet.com","*xiti.com"]}},
{"action":{"type":"block-cookies"},"trigger":{"url-filter":"^https?://([^/]+\\.)?attracta\\.com","load-type":["third-party"],"unless-domain":["*attracta.com"]}},
{"action":{"type":"block-cookies"},"trigger":{"url-filter":"^https?://([^/]+\\.)?avmws\\.com","load-type":["third-party"],"unless-domain":["*avantlink.com","*avantmetrics.com"]}},
{"action":{"type":"block-cookies"},"trigger":{"url-filter":"^https?://([^/]+\\.)?awio\\.com","load-type":["third-party"],"unless-domain":["*awio.com","*w3counter.com"]}},
{"action":{"type":"block-cookies"},"trigger":{"url-filter":"^https?://([^/]+\\.)?axf8\\.net","load-type":["third-party"],"unless-domain":["*axf8.net","*compuware.com","*dynatrace.com"]}},
{"action":{"type":"block-cookies"},"trigger":{"url-filter":"^https?://([^/]+\\.)?b0e8\\.com","load-type":["third-party"],"unless-domain":["*brightedge.com"]}},
{"action":{"type":"block-cookies"},"trigger":{"url-filter":"^https?://([^/]+\\.)?behavioralengine\\.com","load-type":["third-party"],"unless-domain":["*behavioralengine.com","*onaudience.com"]}},
{"action":{"type":"block-cookies"},"trigger":{"url-filter":"^https?://([^/]+\\.)?belstat\\.be","load-type":["third-party"],"unless-domain":["*belstat.be","*belstat.com","*belstat.de","*belstat.fr","*belstat.nl"]}},
{"action":{"type":"block-cookies"},"trigger":{"url-filter":"^https?://([^/]+\\.)?belstat\\.com","load-type":["third-party"],"unless-domain":["*belstat.be","*belstat.com","*belstat.de","*belstat.fr","*belstat.nl"]}},
{"action":{"type":"block-cookies"},"trigger":{"url-filter":"^https?://([^/]+\\.)?belstat\\.de","load-type":["third-party"],"unless-domain":["*belstat.be","*belstat.com","*belstat.de","*belstat.fr","*belstat.nl"]}},
{"action":{"type":"block-cookies"},"trigger":{"url-filter":"^https?://([^/]+\\.)?belstat\\.fr","load-type":["third-party"],"unless-domain":["*belstat.be","*belstat.com","*belstat.de","*belstat.fr","*belstat.nl"]}},
{"action":{"type":"block-cookies"},"trigger":{"url-filter":"^https?://([^/]+\\.)?belstat\\.nl","load-type":["third-party"],"unless-domain":["*belstat.be","*belstat.com","*belstat.de","*belstat.fr","*belstat.nl"]}},
{"action":{"type":"block-cookies"},"trigger":{"url-filter":"^https?://([^/]+\\.)?betssonpalantir\\.com","load-type":["third-party"],"unless-domain":["*betssonpalantir.com"]}},
{"action":{"type":"block-cookies"},"trigger":{"url-filter":"^https?://([^/]+\\.)?blogcounter\\.de","load-type":["third-party"],"unless-domain":["*blogcounter.de"]}},
{"action":{"type":"block-cookies"},"trigger":{"url-filter":"^https?://([^/]+\\.)?bluecava\\.com","load-type":["third-party"],"unless-domain":["*bluecava.com"]}},
{"action":{"type":"block-cookies"},"trigger":{"url-filter":"^https?://([^/]+\\.)?bluemetrix\\.com","load-type":["third-party"],"unless-domain":["*bluemetrix.com","*bmmetrix.com"]}},
{"action":{"type":"block-cookies"},"trigger":{"url-filter":"^https?://([^/]+\\.)?bmmetrix\\.com","load-type":["third-party"],"unless-domain":["*bluemetrix.com","*bmmetrix.com"]}},
{"action":{"type":"block-cookies"},"trigger":{"url-filter":"^https?://([^/]+\\.)?branch\\.io","load-type":["third-party"],"unless-domain":["*branch.io"]}},
{"action":{"type":"block-cookies"},"trigger":{"url-filter":"^https?://([^/]+\\.)?branica\\.com","load-type":["third-party"],"unless-domain":["*branica.com"]}},
{"action":{"type":"block-cookies"},"trigger":{"url-filter":"^https?://([^/]+\\.)?brightedge\\.com","load-type":["third-party"],"unless-domain":["*brightedge.com"]}},
{"action":{"type":"block-cookies"},"trigger":{"url-filter":"^https?://([^/]+\\.)?bubblestat\\.com","load-type":["third-party"],"unless-domain":["*bubblestat.com"]}},
{"action":{"type":"block-cookies"},"trigger":{"url-filter":"^https?://([^/]+\\.)?cardlytics\\.com","load-type":["third-party"],"unless-domain":["*cardlytics.com"]}},
{"action":{"type":"block-cookies"},"trigger":{"url-filter":"^https?://([^/]+\\.)?certifica\\.com","load-type":["third-party"],"unless-domain":["*adxpose.com","*comscore.com","*scorecardresearch.com","*sitestat.com","*voicefive.com"]}},
{"action":{"type":"block-cookies"},"trigger":{"url-filter":"^https?://([^/]+\\.)?cetrk\\.com","load-type":["third-party"],"unless-domain":["*cetrk.com","*crazyegg.com"]}},
{"action":{"type":"block-cookies"},"trigger":{"url-filter":"^https?://([^/]+\\.)?chartbeat\\.com","load-type":["third-party"],"unless-domain":["*chartbeat.com","*chartbeat.net"]}},
{"action":{"type":"block-cookies"},"trigger":{"url-filter":"^https?://([^/]+\\.)?chartbeat\\.net","load-type":["third-party"],"unless-domain":["*chartbeat.com","*chartbeat.net"]}},
{"action":{"type":"block-cookies"},"trigger":{"url-filter":"^https?://([^/]+\\.)?clarity\\.ms","load-type":["third-party"],"unless-domain":["*acompli.net","*aka.ms","*azure.com","*azure.net","*azurerms.com","*bing.com","*clarity.ms","*cloudappsecurity.com","*gamesforwindows.com","*gaug.es","*getgamesmart.com","*gfx.ms","*github.com","*healthvault.com","*hockeyapp.net","*ieaddons.com","*iegallery.com","*linkedin.com","*live.com","*microsoft.com","*microsoftalumni.com","*microsoftalumni.org","*microsoftazuread-sso.com","*microsoftedgeinsider.com","*microsoftedgeinsiders.com","*microsoftonline-p.com","*microsoftonline-p.net","*microsoftonline.com","*microsoftstart.cn","*microsoftstart.com","*microsoftstore.com","*microsoftstream.com","*msappproxy.net","*msft.net","*msftidentity.com","*msidentity.com","*msn.com","*o365weve.com","*oaspapps.com","*office.com","*office365.com","*officelive.com","*onedrive.com","*onenote.com","*outlook.com","*outlookmobile.com","*phonefactor.net","*s-msn.com","*sfx.ms","*sharepoint-df.com","*sharepoint.com","*skype.com","*skypeforbusiness.com","*staffhub.ms","*sway-extensions.com","*sway.com","*trafficmanager.net","*virtualearth.net","*visualstudio.com","*windows.net","*windowsazure.com","*windowsphone.com","*worldwidetelescope.org","*wunderlist.com","*xbox.com","*yammer.com"]}},
{"action":{"type":"block-cookies"},"trigger":{"url-filter":"^https?://([^/]+\\.)?clickdensity\\.com","load-type":["third-party"],"unless-domain":["*clickdensity.com"]}},
{"action":{"type":"block-cookies"},"trigger":{"url-filter":"^https?://([^/]+\\.)?clickguard\\.com","load-type":["third-party"],"unless-domain":["*clickguard.com"]}},
{"action":{"type":"block-cookies"},"trigger":{"url-filter":"^https?://([^/]+\\.)?clicktale\\.com","load-type":["third-party"],"unless-domain":["*clicktale.com"]}},
{"action":{"type":"block-cookies"},"trigger":{"url-filter":"^https?://([^/]+\\.)?clicktale\\.net","load-type":["third-party"],"unless-domain":["*clicktale.com"]}},
{"action":{"type":"block-cookies"},"trigger":{"url-filter":"^https?://([^/]+\\.)?clicktracks\\.com","load-type":["third-party"],"unless-domain":["*aurea.com"]}},
{"action":{"type":"block-cookies"},"trigger":{"url-filter":"^https?://([^/]+\\.)?clixmetrix\\.com","load-type":["third-party"],"unless-domain":["*clixmetrix.com"]}},
{"action":{"type":"block-cookies"},"trigger":{"url-filter":"^https?://([^/]+\\.)?clixpy\\.com","load-type":["third-party"],"unless-domain":["*clixpy.com"]}},
{"action":{"type":"block-cookies"},"trigger":{"url-filter":"^https?://([^/]+\\.)?clustrmaps\\.com","load-type":["third-party"],"unless-domain":["*clustrmaps.com"]}},
{"action":{"type":"block-cookies"},"trigger":{"url-filter":"^https?://([^/]+\\.)?cmcore\\.com","load-type":["third-party"],"unless-domain":["*ibm.com","*multicloud-ibm.com","*weather.com"]}},
{"action":{"type":"block-cookies"},"trigger":{"url-filter":"^https?://([^/]+\\.)?cnzz\\.com","load-type":["third-party"],"unless-domain":["*cnzz.com"]}},
{"action":{"type":"block-cookies"},"trigger":{"url-filter":"^https?://([^/]+\\.)?collserve\\.com","load-type":["third-party"],"unless-domain":["*collserve.com","*ihs.com"]}},
{"action":{"type":"block-cookies"},"trigger":{"url-filter":"^https?://([^/]+\\.)?company-target\\.com","load-type":["third-party"],"unless-domain":["*demandbase.com"]}},
{"action":{"type":"block-cookies"},"trigger":{"url-filter":"^https?://([^/]+\\.)?compete\\.com","load-type":["third-party"],"unless-domain":["*compete.com","*decdna.net","*groupm.com","*kantarmedia.com","*mecglobal.com","*mindshareworld.com","*themig.com","*wpp.com","*xaxis.com"]}},
{"action":{"type":"block-cookies"},"trigger":{"url-filter":"^https?://([^/]+\\.)?compuware\\.com","load-type":["third-party"],"unless-domain":["*axf8.net","*compuware.com","*dynatrace.com"]}},
{"action":{"type":"block-cookies"},"trigger":{"url-filter":"^https?://([^/]+\\.)?comscore\\.com","load-type":["third-party"],"unless-domain":["*adxpose.com","*comscore.com","*scorecardresearch.com","*sitestat.com","*voicefive.com"]}},
{"action":{"type":"block-cookies"},"trigger":{"url-filter":"^https?://([^/]+\\.)?connexity\\.com","load-type":["third-party"],"unless-domain":["*connexity.com","*pricegrabber.com"]}},
{"action":{"type":"block-cookies"},"trigger":{"url-filter":"^https?://([^/]+\\.)?connexity\\.net","load-type":["third-party"],"unless-domain":["*connexity.com","*pricegrabber.com"]}},
{"action":{"type":"block-cookies"},"trigger":{"url-filter":"^https?://([^/]+\\.)?convert\\.com","load-type":["third-party"],"unless-domain":["*convert.com","*reedge.com"]}},
{"action":{"type":"block-cookies"},"trigger":{"url-filter":"^https?://([^/]+\\.)?convertro\\.com","load-type":["third-party"],"unless-domain":["*convertro.com"]}},
{"action":{"type":"block-cookies"},"trigger":{"url-filter":"^https?://([^/]+\\.)?coremetrics\\.com","load-type":["third-party"],"unless-domain":["*ibm.com","*multicloud-ibm.com","*weather.com"]}},
{"action":{"type":"block-cookies"},"trigger":{"url-filter":"^https?://([^/]+\\.)?crashlytics\\.com","load-type":["third-party"],"unless-domain":["*abc.xyz","*admeld.com","*blogger.com","*blogspot.com","*chromestatus.com","*crashlytics.com","*google-melange.com","*google.ac","*google.ad","*google.ae","*google.al","*google.am","*google.as","*google.at","*google.az","*google.ba","*google.be","*google.bf","*google.bg","*google.bi","*google.bj","*google.bs","*google.bt","*google.by","*google.ca","*google.cat","*google.cd","*google.cf","*google.cg","*google.ch","*google.ci","*google.cl","*google.cm","*google.cn","*google.co.ao","*google.co.bw","*google.co.ck","*google.co.cr","*google.co.id","*google.co.il","*google.co.in","*google.co.jp","*google.co.ke","*google.co.kr","*google.co.ls","*google.co.ma","*google.co.mz","*google.co.nz","*google.co.th","*google.co.tz","*google.co.ug","*google.co.uk","*google.co.uz","*google.co.ve","*google.co.vi","*google.co.za","*google.co.zm","*google.co.zw","*google.com","*google.com.af","*google.com.ag","*google.com.ai","*google.com.ar","*google.com.au","*google.com.bd","*google.com.bh","*google.com.bn","*google.com.bo","*google.com.br","*google.com.bz","*google.com.co","*google.com.cu","*google.com.cy","*google.com.do","*google.com.ec","*google.com.eg","*google.com.et","*google.com.fj","*google.com.gh","*google.com.gi","*google.com.gt","*google.com.hk","*google.com.jm","*google.com.kh","*google.com.kw","*google.com.lb","*google.com.ly","*google.com.mm","*google.com.mt","*google.com.mx","*google.com.my","*google.com.na","*google.com.nf","*google.com.ng","*google.com.ni","*google.com.np","*google.com.om","*google.com.pa","*google.com.pe","*google.com.pg","*google.com.ph","*google.com.pk","*google.com.pr","*google.com.py","*google.com.qa","*google.com.sa","*google.com.sb","*google.com.sg","*google.com.sl","*google.com.sv","*google.com.tj","*google.com.tr","*google.com.tw","*google.com.ua","*google.com.uy","*google.com.vc","*google.com.vn","*google.cv","*google.cz","*google.de","*google.dj","*google.dk","*google.dm","*google.dz","*google.ee","*google.es","*google.fi","*google.fm","*google.fr","*google.ga","*google.ge","*google.gg","*google.gl","*google.gm","*google.gp","*google.gr","*google.gy","*google.hn","*google.hr","*google.ht","*google.hu","*google.ie","*google.im","*google.iq","*google.is","*google.it","*google.je","*google.jo","*google.kg","*google.ki","*google.kz","*google.la","*google.li","*google.lk","*google.lt","*google.lu","*google.lv","*google.md","*google.me","*google.mg","*google.mk","*google.ml","*google.mn","*google.ms","*google.mu","*google.mv","*google.mw","*google.ne","*google.nl","*google.no","*google.nr","*google.nu","*google.pl","*google.pn","*google.ps","*google.pt","*google.ro","*google.rs","*google.ru","*google.rw","*google.sc","*google.se","*google.sh","*google.si","*google.sk","*google.sm","*google.sn","*google.so","*google.st","*google.td","*google.tg","*google.tk","*google.tl","*google.tm","*google.tn","*google.to","*google.tt","*google.vg","*google.vu","*google.ws","*googlesource.com","*ingress.com","*nest.com","*panoramio.com","*pinpoint-dot-chromeperf.appspot.com","*youtube.com"]}},
{"action":{"type":"block-cookies"},"trigger":{"url-filter":"^https?://([^/]+\\.)?crazyegg\\.com","load-type":["third-party"],"unless-domain":["*cetrk.com","*crazyegg.com"]}},
{"action":{"type":"block-cookies"},"trigger":{"url-filter":"^https?://([^/]+\\.)?crowdscience\\.com","load-type":["third-party"],"unless-domain":["*crowdscience.com"]}},
{"action":{"type":"block-cookies"},"trigger":{"url-filter":"^https?://([^/]+\\.)?crwdcntrl\\.net","load-type":["third-party"],"unless-domain":["*crwdcntrl.net","*lotame.com"]}},
{"action":{"type":"block-cookies"},"trigger":{"url-filter":"^https?://([^/]+\\.)?cuebiq\\.com","load-type":["third-party"],"unless-domain":["*cuebiq.com"]}},
{"action":{"type":"block-cookies"},"trigger":{"url-filter":"^https?://([^/]+\\.)?cya2\\.net","load-type":["third-party"],"unless-domain":["*cya2.net"]}},
{"action":{"type":"block-cookies"},"trigger":{"url-filter":"^https?://([^/]+\\.)?daphnecm\\.com","load-type":["third-party"],"unless-domain":["*gfk.com"]}},
{"action":{"type":"block-cookies"},"trigger":{"url-filter":"^https?://([^/]+\\.)?datadome\\.co","load-type":["third-party"],"unless-domain":["*datadome.co"]}},
{"action":{"type":"block-cookies"},"trigger":{"url-filter":"^https?://([^/]+\\.)?dataium\\.com","load-type":["third-party"],"unless-domain":["*collserve.com","*ihs.com"]}},
{"action":{"type":"block-cookies"},"trigger":{"url-filter":"^https?://([^/]+\\.)?deepintent\\.com","load-type":["third-party"],"unless-domain":["*deepintent.com"]}},
{"action":{"type":"block-cookies"},"trigger":{"url-filter":"^https?://([^/]+\\.)?demandbase\\.com","load-type":["third-party"],"unless-domain":["*demandbase.com"]}},
{"action":{"type":"block-cookies"},"trigger":{"url-filter":"^https?://([^/]+\\.)?distiltag\\.com","load-type":["third-party"],"unless-domain":["*distilnetworks.com"]}},
{"action":{"type":"block-cookies"},"trigger":{"url-filter":"^https?://([^/]+\\.)?dl-rms\\.com","load-type":["third-party"],"unless-domain":["*safecount.net"]}},
{"action":{"type":"block-cookies"},"trigger":{"url-filter":"^https?://([^/]+\\.)?dlqm\\.net","load-type":["third-party"],"unless-domain":["*safecount.net"]}},
{"action":{"type":"block-cookies"},"trigger":{"url-filter":"^https?://([^/]+\\.)?do-not-tracker\\.org","load-type":["third-party"],"unless-domain":["*do-not-tracker.org","*eff.org","*eviltracker.net","*trackersimulator.org"]}},
{"action":{"type":"block-cookies"},"trigger":{"url-filter":"^https?://([^/]+\\.)?domodomain\\.com","load-type":["third-party"],"unless-domain":["*intelligencefocus.com","*leadchampion.com"]}},
{"action":{"type":"block-cookies"},"trigger":{"url-filter":"^https?://([^/]+\\.)?doubleverify\\.com","load-type":["third-party"],"unless-domain":["*doubleverify.com"]}},
{"action":{"type":"block-cookies"},"trigger":{"url-filter":"^https?://([^/]+\\.)?dwstat\\.cn","load-type":["third-party"],"unless-domain":["*dwstat.cn"]}},
{"action":{"type":"block-cookies"},"trigger":{"url-filter":"^https?://([^/]+\\.)?ecsanalytics\\.com","load-type":["third-party"],"unless-domain":["*ecsanalytics.com","*theecsinc.com"]}},
{"action":{"type":"block-cookies"},"trigger":{"url-filter":"^https?://([^/]+\\.)?eloqua\\.com","load-type":["third-party"],"unless-domain":["*oracle.com"]}},
{"action":{"type":"block-cookies"},"trigger":{"url-filter":"^https?://([^/]+\\.)?encoremetrics\\.com","load-type":["third-party"],"unless-domain":["*flashtalking.com"]}},
{"action":{"type":"block-cookies"},"trigger":{"url-filter":"^https?://([^/]+\\.)?enquisite\\.com","load-type":["third-party"],"unless-domain":["*enquisite.com","*inboundwriter.com"]}},
{"action":{"type":"block-cookies"},"trigger":{"url-filter":"^https?://([^/]+\\.)?eproof\\.com","load-type":["third-party"],"unless-domain":["*eproof.com"]}},
{"action":{"type":"block-cookies"},"trigger":{"url-filter":"^https?://([^/]+\\.)?estat\\.com","load-type":["third-party"],"unless-domain":["*mediametrie-estat.com"]}},
{"action":{"type":"block-cookies"},"trigger":{"url-filter":"^https?://([^/]+\\.)?etracker\\.com","load-type":["third-party"],"unless-domain":["*etracker.com","*etracker.de"]}},
{"action":{"type":"block-cookies"},"trigger":{"url-filter":"^https?://([^/]+\\.)?etracker\\.de","load-type":["third-party"],"unless-domain":["*etracker.com","*etracker.de"]}},
{"action":{"type":"block-cookies"},"trigger":{"url-filter":"^https?://([^/]+\\.)?eulerian\\.com","load-type":["third-party"],"unless-domain":["*eulerian.com"]}},
{"action":{"type":"block-cookies"},"trigger":{"url-filter":"^https?://([^/]+\\.)?eulerian\\.net","load-type":["third-party"],"unless-domain":["*eulerian.com"]}},
{"action":{"type":"block-cookies"},"trigger":{"url-filter":"^https?://([^/]+\\.)?eviltracker\\.net","load-type":["third-party"],"unless-domain":["*do-not-tracker.org","*eff.org","*eviltracker.net","*trackersimulator.org"]}},
{"action":{"type":"block-cookies"},"trigger":{"url-filter":"^https?://([^/]+\\.)?extreme-dm\\.com","load-type":["third-party"],"unless-domain":["*extremetracking.com"]}},
{"action":{"type":"block-cookies"},"trigger":{"url-filter":"^https?://([^/]+\\.)?extremetracking\\.com","load-type":["third-party"],"unless-domain":["*extremetracking.com"]}},
{"action":{"type":"block-cookies"},"trigger":{"url-filter":"^https?://([^/]+\\.)?eyeota\\.net","load-type":["third-party"],"unless-domain":["*eyeota.net"]}},
{"action":{"type":"block-cookies"},"trigger":{"url-filter":"^https?://([^/]+\\.)?feedjit\\.com","load-type":["third-party"],"unless-domain":["*feedjit.com"]}},
{"action":{"type":"block-cookies"},"trigger":{"url-filter":"^https?://([^/]+\\.)?fndrsp\\.net","load-type":["third-party"],"unless-domain":["*fundraiseup.com"]}},
{"action":{"type":"block-cookies"},"trigger":{"url-filter":"^https?://([^/]+\\.)?footprintlive\\.com","load-type":["third-party"],"unless-domain":["*footprintlive.com"]}},
{"action":{"type":"block-cookies"},"trigger":{"url-filter":"^https?://([^/]+\\.)?free-pagerank\\.com","load-type":["third-party"],"unless-domain":["*free-pagerank.com"]}},
{"action":{"type":"block-cookies"},"trigger":{"url-filter":"^https?://([^/]+\\.)?freeonlineusers\\.com","load-type":["third-party"],"unless-domain":["*freeonlineusers.com"]}},
{"action":{"type":"block-cookies"},"trigger":{"url-filter":"^https?://([^/]+\\.)?fullstory\\.com","load-type":["third-party"],"unless-domain":["*fullstory.com"]}},
{"action":{"type":"block-cookies"},"trigger":{"url-filter":"^https?://([^/]+\\.)?gaug\\.es","load-type":["third-party"],"unless-domain":["*acompli.net","*aka.ms","*azure.com","*azure.net","*azurerms.com","*bing.com","*clarity.ms","*cloudappsecurity.com","*gamesforwindows.com","*gaug.es","*getgamesmart.com","*gfx.ms","*github.com","*healthvault.com","*hockeyapp.net","*ieaddons.com","*iegallery.com","*linkedin.com","*live.com","*microsoft.com","*microsoftalumni.com","*microsoftalumni.org","*microsoftazuread-sso.com","*microsoftedgeinsider.com","*microsoftedgeinsiders.com","*microsoftonline-p.com","*microsoftonline-p.net","*microsoftonline.com","*microsoftstart.cn","*microsoftstart.com","*microsoftstore.com","*microsoftstream.com","*msappproxy.net","*msft.net","*msftidentity.com","*msidentity.com","*msn.com","*o365weve.com","*oaspapps.com","*office.com","*office365.com","*officelive.com","*onedrive.com","*onenote.com","*outlook.com","*outlookmobile.com","*phonefactor.net","*s-msn.com","*sfx.ms","*sharepoint-df.com","*sharepoint.com","*skype.com","*skypeforbusiness.com","*staffhub.ms","*sway-extensions.com","*sway.com","*trafficmanager.net","*virtualearth.net","*visualstudio.com","*windows.net","*windowsazure.com","*windowsphone.com","*worldwidetelescope.org","*wunderlist.com","*xbox.com","*yammer.com"]}},
{"action":{"type":"block-cookies"},"trigger":{"url-filter":"^https?://([^/]+\\.)?getclicky\\.com","load-type":["third-party"],"unless-domain":["*clicky.com","*roxr.net"]}},
{"action":{"type":"block-cookies"},"trigger":{"url-filter":"^https?://([^/]+\\.)?getsitecontrol\\.com","load-type":["third-party"],"unless-domain":["*getsitecontrol.com"]}},
{"action":{"type":"block-cookies"},"trigger":{"url-filter":"^https?://([^/]+\\.)?gfk\\.com","load-type":["third-party"],"unless-domain":["*gfk.com"]}},
{"action":{"type":"block-cookies"},"trigger":{"url-filter":"^https?://([^/]+\\.)?gfkdaphne\\.com","load-type":["third-party"],"unless-domain":["*gfk.com"]}},
{"action":{"type":"block-cookies"},"trigger":{"url-filter":"^https?://([^/]+\\.)?gimbal\\.com","load-type":["third-party"],"unless-domain":["*infillion.com"]}},
{"action":{"type":"block-cookies"},"trigger":{"url-filter":"^https?://([^/]+\\.)?glanceguide\\.com","load-type":["third-party"],"unless-domain":["*glanceguide.com","*imrworldwide.com","*imrworldwide.net","*nielsen.com"]}},
{"action":{"type":"block-cookies"},"trigger":{"url-filter":"^https?://([^/]+\\.)?go-mpulse\\.net","load-type":["third-party"],"unless-domain":["*akamai.com"]}},
{"action":{"type":"block-cookies"},"trigger":{"url-filter":"^https?://([^/]+\\.)?godaddy\\.com","load-type":["third-party"],"unless-domain":["*godaddy.com","*trafficfacts.com"]}},
{"action":{"type":"block-cookies"},"trigger":{"url-filter":"^https?://([^/]+\\.)?gomez\\.com","load-type":["third-party"],"unless-domain":["*axf8.net","*compuware.com","*dynatrace.com"]}},
{"action":{"type":"block-cookies"},"trigger":{"url-filter":"^https?://([^/]+\\.)?google-analytics\\.com","load-type":["third-party"],"unless-domain":["*abc.xyz","*admeld.com","*blogger.com","*blogspot.com","*chromestatus.com","*crashlytics.com","*google-melange.com","*google.ac","*google.ad","*google.ae","*google.al","*google.am","*google.as","*google.at","*google.az","*google.ba","*google.be","*google.bf","*google.bg","*google.bi","*google.bj","*google.bs","*google.bt","*google.by","*google.ca","*google.cat","*google.cd","*google.cf","*google.cg","*google.ch","*google.ci","*google.cl","*google.cm","*google.cn","*google.co.ao","*google.co.bw","*google.co.ck","*google.co.cr","*google.co.id","*google.co.il","*google.co.in","*google.co.jp","*google.co.ke","*google.co.kr","*google.co.ls","*google.co.ma","*google.co.mz","*google.co.nz","*google.co.th","*google.co.tz","*google.co.ug","*google.co.uk","*google.co.uz","*google.co.ve","*google.co.vi","*google.co.za","*google.co.zm","*google.co.zw","*google.com","*google.com.af","*google.com.ag","*google.com.ai","*google.com.ar","*google.com.au","*google.com.bd","*google.com.bh","*google.com.bn","*google.com.bo","*google.com.br","*google.com.bz","*google.com.co","*google.com.cu","*google.com.cy","*google.com.do","*google.com.ec","*google.com.eg","*google.com.et","*google.com.fj","*google.com.gh","*google.com.gi","*google.com.gt","*google.com.hk","*google.com.jm","*google.com.kh","*google.com.kw","*google.com.lb","*google.com.ly","*google.com.mm","*google.com.mt","*google.com.mx","*google.com.my","*google.com.na","*google.com.nf","*google.com.ng","*google.com.ni","*google.com.np","*google.com.om","*google.com.pa","*google.com.pe","*google.com.pg","*google.com.ph","*google.com.pk","*google.com.pr","*google.com.py","*google.com.qa","*google.com.sa","*google.com.sb","*google.com.sg","*google.com.sl","*google.com.sv","*google.com.tj","*google.com.tr","*google.com.tw","*google.com.ua","*google.com.uy","*google.com.vc","*google.com.vn","*google.cv","*google.cz","*google.de","*google.dj","*google.dk","*google.dm","*google.dz","*google.ee","*google.es","*google.fi","*google.fm","*google.fr","*google.ga","*google.ge","*google.gg","*google.gl","*google.gm","*google.gp","*google.gr","*google.gy","*google.hn","*google.hr","*google.ht","*google.hu","*google.ie","*google.im","*google.iq","*google.is","*google.it","*google.je","*google.jo","*google.kg","*google.ki","*google.kz","*google.la","*google.li","*google.lk","*google.lt","*google.lu","*google.lv","*google.md","*google.me","*google.mg","*google.mk","*google.ml","*google.mn","*google.ms","*google.mu","*google.mv","*google.mw","*google.ne","*google.nl","*google.no","*google.nr","*google.nu","*google.pl","*google.pn","*google.ps","*google.pt","*google.ro","*google.rs","*google.ru","*google.rw","*google.sc","*google.se","*google.sh","*google.si","*google.sk","*google.sm","*google.sn","*google.so","*google.st","*google.td","*google.tg","*google.tk","*google.tl","*google.tm","*google.tn","*google.to","*google.tt","*google.vg","*google.vu","*google.ws","*googlesource.com","*ingress.com","*nest.com","*panoramio.com","*pinpoint-dot-chromeperf.appspot.com","*youtube.com"]}},
{"action":{"type":"block-cookies"},"trigger":{"url-filter":"^https?://([^/]+\\.)?gosquared\\.com","load-type":["third-party"],"unless-domain":["*gosquared.com"]}},
{"action":{"type":"block-cookies"},"trigger":{"url-filter":"^https?://([^/]+\\.)?gostats\\.com","load-type":["third-party"],"unless-domain":["*gostats.com"]}},
{"action":{"type":"block-cookies"},"trigger":{"url-filter":"^https?://([^/]+\\.)?graphenedigitalanalytics\\.in","load-type":["third-party"],"unless-domain":["*graphenemedia.in"]}},
{"action":{"type":"block-cookies"},"trigger":{"url-filter":"^https?://([^/]+\\.)?gtop\\.ro","load-type":["third-party"],"unless-domain":["*arenaweb.ro"]}},
{"action":{"type":"block-cookies"},"trigger":{"url-filter":"^https?://([^/]+\\.)?gtopstats\\.com","load-type":["third-party"],"unless-domain":["*arenaweb.ro"]}},
{"action":{"type":"block-cookies"},"trigger":{"url-filter":"^https?://([^/]+\\.)?heronpartners\\.com\\.au","load-type":["third-party"],"unless-domain":["*marinsm.com"]}},
{"action":{"type":"block-cookies"},"trigger":{"url-filter":"^https?://([^/]+\\.)?histats\\.com","load-type":["third-party"],"unless-domain":["*histats.com"]}},
{"action":{"type":"block-cookies"},"trigger":{"url-filter":"^https?://([^/]+\\.)?hitslink\\.com","load-type":["third-party"],"unless-domain":["*hitslink.com"]}},
{"action":{"type":"block-cookies"},"trigger":{"url-filter":"^https?://([^/]+\\.)?hitsniffer\\.com","load-type":["third-party"],"unless-domain":["*hitsniffer.com"]}},
{"action":{"type":"block-cookies"},"trigger":{"url-filter":"^https?://([^/]+\\.)?hitsprocessor\\.com","load-type":["third-party"],"unless-domain":["*netapplications.com"]}},
{"action":{"type":"block-cookies"},"trigger":{"url-filter":"^https?://([^/]+\\.)?hotjar\\.com","load-type":["third-party"],"unless-domain":["*hotjar.com"]}},
{"action":{"type":"block-cookies"},"trigger":{"url-filter":"^https?://([^/]+\\.)?hotlog\\.ru","load-type":["third-party"],"unless-domain":["*hotlog.ru","*infostars.ru"]}},
{"action":{"type":"block-cookies"},"trigger":{"url-filter":"^https?://([^/]+\\.)?hs-analytics\\.net","load-type":["third-party"],"unless-domain":["*hubspot.com"]}},
{"action":{"type":"block-cookies"},"trigger":{"url-filter":"^https?://([^/]+\\.)?hubspot\\.com","load-type":["third-party"],"unless-domain":["*hubspot.com"]}},
{"action":{"type":"block-cookies"},"trigger":{"url-filter":"^https?://([^/]+\\.)?i-stats\\.com","load-type":["third-party"],"unless-domain":["*63labs.com"]}},
{"action":{"type":"block-cookies"},"trigger":{"url-filter":"^https?://([^/]+\\.)?ibm\\.com","load-type":["third-party"],"unless-domain":["*ibm.com","*multicloud-ibm.com","*weather.com"]}},
{"action":{"type":"block-cookies"},"trigger":{"url-filter":"^https?://([^/]+\\.)?inboundwriter\\.com","load-type":["third-party"],"unless-domain":["*enquisite.com","*inboundwriter.com"]}},
{"action":{"type":"block-cookies"},"trigger":{"url-filter":"^https?://([^/]+\\.)?infernotions\\.com","load-type":["third-party"],"unless-domain":["*infernotions.com"]}},
{"action":{"type":"block-cookies"},"trigger":{"url-filter":"^https?://([^/]+\\.)?infonline\\.de","load-type":["third-party"],"unless-domain":["*infonline.de"]}},
{"action":{"type":"block-cookies"},"trigger":{"url-filter":"^https?://([^/]+\\.)?infostars\\.ru","load-type":["third-party"],"unless-domain":["*hotlog.ru","*infostars.ru"]}},
{"action":{"type":"block-cookies"},"trigger":{"url-filter":"^https?://([^/]+\\.)?inrix\\.com","load-type":["third-party"],"unless-domain":["*inrix.com"]}},
{"action":{"type":"block-cookies"},"trigger":{"url-filter":"^https?://([^/]+\\.)?inspectlet\\.com","load-type":["third-party"],"unless-domain":["*inspectlet.com"]}},
{"action":{"type":"block-cookies"},"trigger":{"url-filter":"^https?://([^/]+\\.)?intelligencefocus\\.com","load-type":["third-party"],"unless-domain":["*intelligencefocus.com","*leadchampion.com"]}},
{"action":{"type":"block-cookies"},"trigger":{"url-filter":"^https?://([^/]+\\.)?ioam\\.de","load-type":["third-party"],"unless-domain":["*infonline.de"]}},
{"action":{"type":"block-cookies"},"trigger":{"url-filter":"^https?://([^/]+\\.)?ipcounter\\.de","load-type":["third-party"],"unless-domain":["*directcorp.de","*ipcounter.de"]}},
{"action":{"type":"block-cookies"},"trigger":{"url-filter":"^https?://([^/]+\\.)?iperceptions\\.com","load-type":["third-party"],"unless-domain":["*iperceptions.com"]}},
{"action":{"type":"block-cookies"},"trigger":{"url-filter":"^https?://([^/]+\\.)?islay\\.tech","load-type":["third-party"],"unless-domain":["*islay.tech"]}},
{"action":{"type":"block-cookies"},"trigger":{"url-filter":"^https?://([^/]+\\.)?ivwbox\\.de","load-type":["third-party"],"unless-domain":["*infonline.de"]}},
{"action":{"type":"block-cookies"},"trigger":{"url-filter":"^https?://([^/]+\\.)?keymetric\\.net","load-type":["third-party"],"unless-domain":["*keymetric.net"]}},
{"action":{"type":"block-cookies"},"trigger":{"url-filter":"^https?://([^/]+\\.)?kissinsights\\.com","load-type":["third-party"],"unless-domain":["*qualaroo.com"]}},
{"action":{"type":"block-cookies"},"trigger":{"url-filter":"^https?://([^/]+\\.)?kissmetrics\\.com","load-type":["third-party"],"unless-domain":["*kissmetrics.com"]}},
{"action":{"type":"block-cookies"},"trigger":{"url-filter":"^https?://([^/]+\\.)?leadforensics\\.com","load-type":["third-party"],"unless-domain":["*leadforensics.com"]}},
{"action":{"type":"block-cookies"},"trigger":{"url-filter":"^https?://([^/]+\\.)?linezing\\.com","load-type":["third-party"],"unless-domain":["*linezing.com"]}},
{"action":{"type":"block-cookies"},"trigger":{"url-filter":"^https?://([^/]+\\.)?liveperson\\.com","load-type":["third-party"],"unless-domain":["*liveperson.com"]}},
{"action":{"type":"block-cookies"},"trigger":{"url-filter":"^https?://([^/]+\\.)?liveperson\\.net","load-type":["third-party"],"unless-domain":["*liveperson.com"]}},
{"action":{"type":"block-cookies"},"trigger":{"url-filter":"^https?://([^/]+\\.)?logdy\\.com","load-type":["third-party"],"unless-domain":["*logdy.com"]}},
{"action":{"type":"block-cookies"},"trigger":{"url-filter":"^https?://([^/]+\\.)?lotame\\.com","load-type":["third-party"],"unless-domain":["*crwdcntrl.net","*lotame.com"]}},
{"action":{"type":"block-cookies"},"trigger":{"url-filter":"^https?://([^/]+\\.)?luckyorange\\.com","load-type":["third-party"],"unless-domain":["*luckyorange.com"]}},
{"action":{"type":"block-cookies"},"trigger":{"url-filter":"^https?://([^/]+\\.)?luckyorange\\.net","load-type":["third-party"],"unless-domain":["*luckyorange.com"]}},
{"action":{"type":"block-cookies"},"trigger":{"url-filter":"^https?://([^/]+\\.)?lynchpin\\.com","load-type":["third-party"],"unless-domain":["*lynchpin.com"]}},
{"action":{"type":"block-cookies"},"trigger":{"url-filter":"^https?://([^/]+\\.)?lypn\\.com","load-type":["third-party"],"unless-domain":["*lynchpin.com"]}},
{"action":{"type":"block-cookies"},"trigger":{"url-filter":"^https?://([^/]+\\.)?lyris\\.com","load-type":["third-party"],"unless-domain":["*aurea.com"]}},
{"action":{"type":"block-cookies"},"trigger":{"url-filter":"^https?://([^/]+\\.)?lytiks\\.com","load-type":["third-party"],"unless-domain":["*lytiks.com"]}},
{"action":{"type":"block-cookies"},"trigger":{"url-filter":"^https?://([^/]+\\.)?marinsm\\.com","load-type":["third-party"],"unless-domain":["*marinsm.com"]}},
{"action":{"type":"block-cookies"},"trigger":{"url-filter":"^https?://([^/]+\\.)?markmonitor\\.com","load-type":["third-party"],"unless-domain":["*9c9media.ca","*markmonitor.com"]}},
{"action":{"type":"block-cookies"},"trigger":{"url-filter":"^https?://([^/]+\\.)?marktest\\.com","load-type":["third-party"],"unless-domain":["*marktest.com","*marktest.pt"]}},
{"action":{"type":"block-cookies"},"trigger":{"url-filter":"^https?://([^/]+\\.)?marktest\\.pt","load-type":["third-party"],"unless-domain":["*marktest.com","*marktest.pt"]}},
{"action":{"type":"block-cookies"},"trigger":{"url-filter":"^https?://([^/]+\\.)?maxmind\\.com","load-type":["third-party"],"unless-domain":["*maxmind.com"]}},
{"action":{"type":"block-cookies"},"trigger":{"url-filter":"^https?://([^/]+\\.)?maxymiser\\.com","load-type":["third-party"],"unless-domain":["*oracle.com"]}},
{"action":{"type":"block-cookies"},"trigger":{"url-filter":"^https?://([^/]+\\.)?mdotlabs\\.com","load-type":["third-party"],"unless-domain":["*adxpose.com","*comscore.com","*scorecardresearch.com","*sitestat.com","*voicefive.com"]}},
{"action":{"type":"block-cookies"},"trigger":{"url-filter":"^https?://([^/]+\\.)?mediametrie-estat\\.com","load-type":["third-party"],"unless-domain":["*mediametrie-estat.com"]}},
{"action":{"type":"block-cookies"},"trigger":{"url-filter":"^https?://([^/]+\\.)?merkleinc\\.com","load-type":["third-party"],"unless-domain":["*merkleinc.com","*rkdms.com"]}},
{"action":{"type":"block-cookies"},"trigger":{"url-filter":"^https?://([^/]+\\.)?mixpanel\\.com","load-type":["third-party"],"unless-domain":["*mixpanel.com"]}},
{"action":{"type":"block-cookies"},"trigger":{"url-filter":"^https?://([^/]+\\.)?ml314\\.com","load-type":["third-party"],"unless-domain":["*bombora.com"]}},
{"action":{"type":"block-cookies"},"trigger":{"url-filter":"^https?://([^/]+\\.)?mm7\\.net","load-type":["third-party"],"unless-domain":["*acxiom.com","*mm7.net"]}},
{"action":{"type":"block-cookies"},"trigger":{"url-filter":"^https?://([^/]+\\.)?mmapiws\\.com","load-type":["third-party"],"unless-domain":["*maxmind.com"]}},
{"action":{"type":"block-cookies"},"trigger":{"url-filter":"^https?://([^/]+\\.)?mongoosemetrics\\.com","load-type":["third-party"],"unless-domain":["*mongoosemetrics.com"]}},
{"action":{"type":"block-cookies"},"trigger":{"url-filter":"^https?://([^/]+\\.)?monitus\\.net","load-type":["third-party"],"unless-domain":["*monitus.net"]}},
{"action":{"type":"block-cookies"},"trigger":{"url-filter":"^https?://([^/]+\\.)?motigo\\.com","load-type":["third-party"],"unless-domain":["*motigo.com"]}},
{"action":{"type":"block-cookies"},"trigger":{"url-filter":"^https?://([^/]+\\.)?mouseflow\\.com","load-type":["third-party"],"unless-domain":["*mouseflow.com"]}},
{"action":{"type":"block-cookies"},"trigger":{"url-filter":"^https?://([^/]+\\.)?mparticle\\.com","load-type":["third-party"],"unless-domain":["*mparticle.com"]}},
{"action":{"type":"block-cookies"},"trigger":{"url-filter":"^https?://([^/]+\\.)?mxpnl\\.com","load-type":["third-party"],"unless-domain":["*mixpanel.com"]}},
{"action":{"type":"block-cookies"},"trigger":{"url-filter":"^https?://([^/]+\\.)?mypagerank\\.net","load-type":["third-party"],"unless-domain":["*mypagerank.net"]}},
{"action":{"type":"block-cookies"},"trigger":{"url-filter":"^https?://([^/]+\\.)?mystighty\\.info","load-type":["third-party"],"unless-domain":["*mystighty.info"]}},
{"action":{"type":"block-cookies"},"trigger":{"url-filter":"^https?://([^/]+\\.)?nakanohito\\.jp","load-type":["third-party"],"unless-domain":["*nakanohito.jp"]}},
{"action":{"type":"block-cookies"},"trigger":{"url-filter":"^https?://([^/]+\\.)?narrative\\.io","load-type":["third-party"],"unless-domain":["*narrative.io"]}},
{"action":{"type":"block-cookies"},"trigger":{"url-filter":"^https?://([^/]+\\.)?nedstatbasic\\.net","load-type":["third-party"],"unless-domain":["*motigo.com"]}},
{"action":{"type":"block-cookies"},"trigger":{"url-filter":"^https?://([^/]+\\.)?netapplications\\.com","load-type":["third-party"],"unless-domain":["*netapplications.com"]}},
{"action":{"type":"block-cookies"},"trigger":{"url-filter":"^https?://([^/]+\\.)?newrelic\\.com","load-type":["third-party"],"unless-domain":["*newrelic.com"]}},
{"action":{"type":"block-cookies"},"trigger":{"url-filter":"^https?://([^/]+\\.)?nextstat\\.com","load-type":["third-party"],"unless-domain":["*nextstat.com"]}},
{"action":{"type":"block-cookies"},"trigger":{"url-filter":"^https?://([^/]+\\.)?nielsen\\.com","load-type":["third-party"],"unless-domain":["*glanceguide.com","*imrworldwide.com","*imrworldwide.net","*nielsen.com"]}},
{"action":{"type":"block-cookies"},"trigger":{"url-filter":"^https?://([^/]+\\.)?nr-data\\.net","load-type":["third-party"],"unless-domain":["*newrelic.com"]}},
{"action":{"type":"block-cookies"},"trigger":{"url-filter":"^https?://([^/]+\\.)?nuconomy\\.com","load-type":["third-party"],"unless-domain":["*liveperson.com"]}},
{"action":{"type":"block-cookies"},"trigger":{"url-filter":"^https?://([^/]+\\.)?nurago\\.com","load-type":["third-party"],"unless-domain":["*sensic.net"]}},
{"action":{"type":"block-cookies"},"trigger":{"url-filter":"^https?://([^/]+\\.)?nurago\\.de","load-type":["third-party"],"unless-domain":["*sensic.net"]}},
{"action":{"type":"block-cookies"},"trigger":{"url-filter":"^https?://([^/]+\\.)?observerapp\\.com","load-type":["third-party"],"unless-domain":["*observerapp.com"]}},
{"action":{"type":"block-cookies"},"trigger":{"url-filter":"^https?://([^/]+\\.)?oewa\\.at","load-type":["third-party"],"unless-domain":["*oewa.at"]}},
{"action":{"type":"block-cookies"},"trigger":{"url-filter":"^https?://([^/]+\\.)?oewabox\\.at","load-type":["third-party"],"unless-domain":["*oewa.at"]}},
{"action":{"type":"block-cookies"},"trigger":{"url-filter":"^https?://([^/]+\\.)?onaudience\\.com","load-type":["third-party"],"unless-domain":["*behavioralengine.com","*onaudience.com"]}},
{"action":{"type":"block-cookies"},"trigger":{"url-filter":"^https?://([^/]+\\.)?onestat\\.com","load-type":["third-party"],"unless-domain":["*onestat.com"]}},
{"action":{"type":"block-cookies"},"trigger":{"url-filter":"^https?://([^/]+\\.)?onlinewebstats\\.com","load-type":["third-party"],"unless-domain":["*onlinewebstats.com"]}},
{"action":{"type":"block-cookies"},"trigger":{"url-filter":"^https?://([^/]+\\.)?openstat\\.ru","load-type":["third-party"],"unless-domain":["*openstat.com"]}},
{"action":{"type":"block-cookies"},"trigger":{"url-filter":"^https?://([^/]+\\.)?opentracker\\.net","load-type":["third-party"],"unless-domain":["*opentracker.net"]}},
{"action":{"type":"block-cookies"},"trigger":{"url-filter":"^https?://([^/]+\\.)?opolen\\.com\\.br","load-type":["third-party"],"unless-domain":["*opolen.com.br"]}},
{"action":{"type":"block-cookies"},"trigger":{"url-filter":"^https?://([^/]+\\.)?optimizely\\.com","load-type":["third-party"],"unless-domain":["*optimizely.com"]}},
{"action":{"type":"block-cookies"},"trigger":{"url-filter":"^https?://([^/]+\\.)?p\\.brsrvr\\.com","load-type":["third-party"],"unless-domain":["*bloomreach.com","*brcdn.com"]}},
{"action":{"type":"block-cookies"},"trigger":{"url-filter":"^https?://([^/]+\\.)?pantherssl\\.com","load-type":["third-party"],"unless-domain":["*clicktale.com"]}},
{"action":{"type":"block-cookies"},"trigger":{"url-filter":"^https?://([^/]+\\.)?parsely\\.com","load-type":["third-party"],"unless-domain":["*parsely.com"]}},
{"action":{"type":"block-cookies"},"trigger":{"url-filter":"^https?://([^/]+\\.)?perfdrive\\.com","load-type":["third-party"],"unless-domain":["*radware.com"]}},
{"action":{"type":"block-cookies"},"trigger":{"url-filter":"^https?://([^/]+\\.)?persianstat\\.com","load-type":["third-party"],"unless-domain":["*persianstat.com"]}},
{"action":{"type":"block-cookies"},"trigger":{"url-filter":"^https?://([^/]+\\.)?phonalytics\\.com","load-type":["third-party"],"unless-domain":["*phonalytics.com"]}},
{"action":{"type":"block-cookies"},"trigger":{"url-filter":"^https?://([^/]+\\.)?phpmyvisites\\.us","load-type":["third-party"],"unless-domain":["*phpmyvisites.us"]}},
{"action":{"type":"block-cookies"},"trigger":{"url-filter":"^https?://([^/]+\\.)?pippio\\.com","load-type":["third-party"],"unless-domain":["*acxiom.com","*mm7.net"]}},
{"action":{"type":"block-cookies"},"trigger":{"url-filter":"^https?://([^/]+\\.)?piwik\\.org","load-type":["third-party"],"unless-domain":["*piwik.org"]}},
{"action":{"type":"block-cookies"},"trigger":{"url-filter":"^https?://([^/]+\\.)?pixanalytics\\.com","load-type":["third-party"],"unless-domain":["*pixanalytics.com"]}},
{"action":{"type":"block-cookies"},"trigger":{"url-filter":"^https?://([^/]+\\.)?plugin\\.management","load-type":["third-party"],"unless-domain":["*salesintelligence.pl"]}},
{"action":{"type":"block-cookies"},"trigger":{"url-filter":"^https?://([^/]+\\.)?polldaddy\\.com","load-type":["third-party"],"unless-domain":["*automattic.com","*gravatar.com","*intensedebate.com","*polldaddy.com"]}},
{"action":{"type":"block-cookies"},"trigger":{"url-filter":"^https?://([^/]+\\.)?postrank\\.com","load-type":["third-party"],"unless-domain":["*abc.xyz","*admeld.com","*blogger.com","*blogspot.com","*chromestatus.com","*crashlytics.com","*google-melange.com","*google.ac","*google.ad","*google.ae","*google.al","*google.am","*google.as","*google.at","*google.az","*google.ba","*google.be","*google.bf","*google.bg","*google.bi","*google.bj","*google.bs","*google.bt","*google.by","*google.ca","*google.cat","*google.cd","*google.cf","*google.cg","*google.ch","*google.ci","*google.cl","*google.cm","*google.cn","*google.co.ao","*google.co.bw","*google.co.ck","*google.co.cr","*google.co.id","*google.co.il","*google.co.in","*google.co.jp","*google.co.ke","*google.co.kr","*google.co.ls","*google.co.ma","*google.co.mz","*google.co.nz","*google.co.th","*google.co.tz","*google.co.ug","*google.co.uk","*google.co.uz","*google.co.ve","*google.co.vi","*google.co.za","*google.co.zm","*google.co.zw","*google.com","*google.com.af","*google.com.ag","*google.com.ai","*google.com.ar","*google.com.au","*google.com.bd","*google.com.bh","*google.com.bn","*google.com.bo","*google.com.br","*google.com.bz","*google.com.co","*google.com.cu","*google.com.cy","*google.com.do","*google.com.ec","*google.com.eg","*google.com.et","*google.com.fj","*google.com.gh","*google.com.gi","*google.com.gt","*google.com.hk","*google.com.jm","*google.com.kh","*google.com.kw","*google.com.lb","*google.com.ly","*google.com.mm","*google.com.mt","*google.com.mx","*google.com.my","*google.com.na","*google.com.nf","*google.com.ng","*google.com.ni","*google.com.np","*google.com.om","*google.com.pa","*google.com.pe","*google.com.pg","*google.com.ph","*google.com.pk","*google.com.pr","*google.com.py","*google.com.qa","*google.com.sa","*google.com.sb","*google.com.sg","*google.com.sl","*google.com.sv","*google.com.tj","*google.com.tr","*google.com.tw","*google.com.ua","*google.com.uy","*google.com.vc","*google.com.vn","*google.cv","*google.cz","*google.de","*google.dj","*google.dk","*google.dm","*google.dz","*google.ee","*google.es","*google.fi","*google.fm","*google.fr","*google.ga","*google.ge","*google.gg","*google.gl","*google.gm","*google.gp","*google.gr","*google.gy","*google.hn","*google.hr","*google.ht","*google.hu","*google.ie","*google.im","*google.iq","*google.is","*google.it","*google.je","*google.jo","*google.kg","*google.ki","*google.kz","*google.la","*google.li","*google.lk","*google.lt","*google.lu","*google.lv","*google.md","*google.me","*google.mg","*google.mk","*google.ml","*google.mn","*google.ms","*google.mu","*google.mv","*google.mw","*google.ne","*google.nl","*google.no","*google.nr","*google.nu","*google.pl","*google.pn","*google.ps","*google.pt","*google.ro","*google.rs","*google.ru","*google.rw","*google.sc","*google.se","*google.sh","*google.si","*google.sk","*google.sm","*google.sn","*google.so","*google.st","*google.td","*google.tg","*google.tk","*google.tl","*google.tm","*google.tn","*google.to","*google.tt","*google.vg","*google.vu","*google.ws","*googlesource.com","*ingress.com","*nest.com","*panoramio.com","*pinpoint-dot-chromeperf.appspot.com","*youtube.com"]}},
{"action":{"type":"block-cookies"},"trigger":{"url-filter":"^https?://([^/]+\\.)?pronunciator\\.com","load-type":["third-party"],"unless-domain":["*pronunciator.com","*visitorville.com"]}},
{"action":{"type":"block-cookies"},"trigger":{"url-filter":"^https?://([^/]+\\.)?qualaroo\\.com","load-type":["third-party"],"unless-domain":["*qualaroo.com"]}},
{"action":{"type":"block-cookies"},"trigger":{"url-filter":"^https?://([^/]+\\.)?questionmarket\\.com","load-type":["third-party"],"unless-domain":["*safecount.net"]}},
{"action":{"type":"block-cookies"},"trigger":{"url-filter":"^https?://([^/]+\\.)?quintelligence\\.com","load-type":["third-party"],"unless-domain":["*quintelligence.com"]}},
{"action":{"type":"block-cookies"},"trigger":{"url-filter":"^https?://([^/]+\\.)?raasnet\\.com","load-type":["third-party"],"unless-domain":["*hearst.com","*ic-live.com","*iclive.com","*icrossing.com","*raasnet.com"]}},
{"action":{"type":"block-cookies"},"trigger":{"url-filter":"^https?://([^/]+\\.)?radarurl\\.com","load-type":["third-party"],"unless-domain":["*radarurl.com"]}},
{"action":{"type":"block-cookies"},"trigger":{"url-filter":"^https?://([^/]+\\.)?redaril\\.com","load-type":["third-party"],"unless-domain":["*hearst.com","*ic-live.com","*iclive.com","*icrossing.com","*raasnet.com"]}},
{"action":{"type":"block-cookies"},"trigger":{"url-filter":"^https?://([^/]+\\.)?reedge\\.com","load-type":["third-party"],"unless-domain":["*convert.com","*reedge.com"]}},
{"action":{"type":"block-cookies"},"trigger":{"url-filter":"^https?://([^/]+\\.)?reinvigorate\\.net","load-type":["third-party"],"unless-domain":["*webtrends.com"]}},
{"action":{"type":"block-cookies"},"trigger":{"url-filter":"^https?://([^/]+\\.)?researchnow\\.com","load-type":["third-party"],"unless-domain":["*researchnow.com","*valuedopinions.co.uk"]}},
{"action":{"type":"block-cookies"},"trigger":{"url-filter":"^https?://([^/]+\\.)?retailautomata\\.com","load-type":["third-party"],"unless-domain":["*retailautomata.com"]}},
{"action":{"type":"block-cookies"},"trigger":{"url-filter":"^https?://([^/]+\\.)?revtrax\\.com","load-type":["third-party"],"unless-domain":["*revtrax.com"]}},
{"action":{"type":"block-cookies"},"trigger":{"url-filter":"^https?://([^/]+\\.)?ringier\\.cz","load-type":["third-party"],"unless-domain":["*ringier.cz"]}},
{"action":{"type":"block-cookies"},"trigger":{"url-filter":"^https?://([^/]+\\.)?rkdms\\.com","load-type":["third-party"],"unless-domain":["*merkleinc.com","*rkdms.com"]}},
{"action":{"type":"block-cookies"},"trigger":{"url-filter":"^https?://([^/]+\\.)?roia\\.biz","load-type":["third-party"],"unless-domain":["*roia.biz","*trackingsoft.com"]}},
{"action":{"type":"block-cookies"},"trigger":{"url-filter":"^https?://([^/]+\\.)?rollick\\.io","load-type":["third-party"],"unless-domain":["*gorollick.com"]}},
{"action":{"type":"block-cookies"},"trigger":{"url-filter":"^https?://([^/]+\\.)?roxr\\.net","load-type":["third-party"],"unless-domain":["*clicky.com","*roxr.net"]}},
{"action":{"type":"block-cookies"},"trigger":{"url-filter":"^https?://([^/]+\\.)?sa-as\\.com","load-type":["third-party"],"unless-domain":["*id.kickfire.com","*sa-as.com"]}},
{"action":{"type":"block-cookies"},"trigger":{"url-filter":"^https?://([^/]+\\.)?safecount\\.net","load-type":["third-party"],"unless-domain":["*safecount.net"]}},
{"action":{"type":"block-cookies"},"trigger":{"url-filter":"^https?://([^/]+\\.)?sageanalyst\\.net","load-type":["third-party"],"unless-domain":["*sagemetrics.com"]}},
{"action":{"type":"block-cookies"},"trigger":{"url-filter":"^https?://([^/]+\\.)?sagemetrics\\.com","load-type":["third-party"],"unless-domain":["*sagemetrics.com"]}},
{"action":{"type":"block-cookies"},"trigger":{"url-filter":"^https?://([^/]+\\.)?salesforceliveagent\\.com","load-type":["third-party"],"unless-domain":["*force.com","*salesforce.com","*trailblazer.me"]}},
{"action":{"type":"block-cookies"},"trigger":{"url-filter":"^https?://([^/]+\\.)?scorecardresearch\\.com","load-type":["third-party"],"unless-domain":["*adxpose.com","*comscore.com","*scorecardresearch.com","*sitestat.com","*voicefive.com"]}},
{"action":{"type":"block-cookies"},"trigger":{"url-filter":"^https?://([^/]+\\.)?sedotracker\\.com","load-type":["third-party"],"unless-domain":["*etracker.com","*etracker.de"]}},
{"action":{"type":"block-cookies"},"trigger":{"url-filter":"^https?://([^/]+\\.)?sedotracker\\.de","load-type":["third-party"],"unless-domain":["*etracker.com","*etracker.de"]}},
{"action":{"type":"block-cookies"},"trigger":{"url-filter":"^https?://([^/]+\\.)?seevolution\\.com","load-type":["third-party"],"unless-domain":["*seevolution.com","*svlu.net"]}},
{"action":{"type":"block-cookies"},"trigger":{"url-filter":"^https?://([^/]+\\.)?segment\\.io","load-type":["third-party"],"unless-domain":["*segment.io"]}},
{"action":{"type":"block-cookies"},"trigger":{"url-filter":"^https?://([^/]+\\.)?sendpulse\\.com","load-type":["third-party"],"unless-domain":["*sendpulse.com"]}},
{"action":{"type":"block-cookies"},"trigger":{"url-filter":"^https?://([^/]+\\.)?sensic\\.net","load-type":["third-party"],"unless-domain":["*sensic.net"]}},
{"action":{"type":"block-cookies"},"trigger":{"url-filter":"^https?://([^/]+\\.)?sesamestats\\.com","load-type":["third-party"],"unless-domain":["*statistik-gallup.net","*tns-counter.ru","*tns-cs.net","*tnsglobal.com"]}},
{"action":{"type":"block-cookies"},"trigger":{"url-filter":"^https?://([^/]+\\.)?sessioncam\\.com","load-type":["third-party"],"unless-domain":["*sessioncam.com"]}},
{"action":{"type":"block-cookies"},"trigger":{"url-filter":"^https?://([^/]+\\.)?shinystat\\.com","load-type":["third-party"],"unless-domain":["*shinystat.com"]}},
{"action":{"type":"block-cookies"},"trigger":{"url-filter":"^https?://([^/]+\\.)?sitecompass\\.com","load-type":["third-party"],"unless-domain":["*flashtalking.com"]}},
{"action":{"type":"block-cookies"},"trigger":{"url-filter":"^https?://([^/]+\\.)?sitestat\\.com","load-type":["third-party"],"unless-domain":["*adxpose.com","*comscore.com","*scorecardresearch.com","*sitestat.com","*voicefive.com"]}},
{"action":{"type":"block-cookies"},"trigger":{"url-filter":"^https?://([^/]+\\.)?smartlook\\.com","load-type":["third-party"],"unless-domain":["*smartlook.com"]}},
{"action":{"type":"block-cookies"},"trigger":{"url-filter":"^https?://([^/]+\\.)?snoobi\\.com","load-type":["third-party"],"unless-domain":["*snoobi.fi"]}},
{"action":{"type":"block-cookies"},"trigger":{"url-filter":"^https?://([^/]+\\.)?snplow\\.net","load-type":["third-party"],"unless-domain":["*snowplowanalytics.com"]}},
{"action":{"type":"block-cookies"},"trigger":{"url-filter":"^https?://([^/]+\\.)?sputnik\\.ru","load-type":["third-party"],"unless-domain":["*sputnik.ru"]}},
{"action":{"type":"block-cookies"},"trigger":{"url-filter":"^https?://([^/]+\\.)?spylog\\.com","load-type":["third-party"],"unless-domain":["*openstat.com"]}},
{"action":{"type":"block-cookies"},"trigger":{"url-filter":"^https?://([^/]+\\.)?src\\.kitcode\\.net","load-type":["third-party"],"unless-domain":["*kitcode.net"]}},
{"action":{"type":"block-cookies"},"trigger":{"url-filter":"^https?://([^/]+\\.)?stat-track\\.com","load-type":["third-party"],"unless-domain":["*stat-track.com"]}},
{"action":{"type":"block-cookies"},"trigger":{"url-filter":"^https?://([^/]+\\.)?statcounter\\.com","load-type":["third-party"],"unless-domain":["*statcounter.com"]}},
{"action":{"type":"block-cookies"},"trigger":{"url-filter":"^https?://([^/]+\\.)?staticstuff\\.net","load-type":["third-party"],"unless-domain":["*clicky.com","*roxr.net"]}},
{"action":{"type":"block-cookies"},"trigger":{"url-filter":"^https?://([^/]+\\.)?statisfy\\.net","load-type":["third-party"],"unless-domain":["*statisfy.net"]}},
{"action":{"type":"block-cookies"},"trigger":{"url-filter":"^https?://([^/]+\\.)?statistik-gallup\\.net","load-type":["third-party"],"unless-domain":["*statistik-gallup.net","*tns-counter.ru","*tns-cs.net","*tnsglobal.com"]}},
{"action":{"type":"block-cookies"},"trigger":{"url-filter":"^https?://([^/]+\\.)?statsit\\.com","load-type":["third-party"],"unless-domain":["*statsit.com"]}},
{"action":{"type":"block-cookies"},"trigger":{"url-filter":"^https?://([^/]+\\.)?storeland\\.ru","load-type":["third-party"],"unless-domain":["*storeland.ru"]}},
{"action":{"type":"block-cookies"},"trigger":{"url-filter":"^https?://([^/]+\\.)?stratigent\\.com","load-type":["third-party"],"unless-domain":["*stratigent.com"]}},
{"action":{"type":"block-cookies"},"trigger":{"url-filter":"^https?://([^/]+\\.)?summerhamster\\.com","load-type":["third-party"],"unless-domain":["*sourcepoint.com"]}},
{"action":{"type":"block-cookies"},"trigger":{"url-filter":"^https?://([^/]+\\.)?svlu\\.net","load-type":["third-party"],"unless-domain":["*seevolution.com","*svlu.net"]}},
{"action":{"type":"block-cookies"},"trigger":{"url-filter":"^https?://([^/]+\\.)?sweeterge\\.info","load-type":["third-party"],"unless-domain":["*mystighty.info"]}},
{"action":{"type":"block-cookies"},"trigger":{"url-filter":"^https?://([^/]+\\.)?tealiumiq\\.com","load-type":["third-party"],"unless-domain":["*tealium.com"]}},
{"action":{"type":"block-cookies"},"trigger":{"url-filter":"^https?://([^/]+\\.)?techsolutions\\.com\\.tw","load-type":["third-party"],"unless-domain":["*techsolutions.com.tw"]}},
{"action":{"type":"block-cookies"},"trigger":{"url-filter":"^https?://([^/]+\\.)?tensquare\\.com","load-type":["third-party"],"unless-domain":["*tensquare.com"]}},
{"action":{"type":"block-cookies"},"trigger":{"url-filter":"^https?://([^/]+\\.)?thecounter\\.com","load-type":["third-party"],"unless-domain":["*quinstreet.com","*thecounter.com"]}},
{"action":{"type":"block-cookies"},"trigger":{"url-filter":"^https?://([^/]+\\.)?thirdwatch\\.ai","load-type":["third-party"],"unless-domain":["*razorpay.com"]}},
{"action":{"type":"block-cookies"},"trigger":{"url-filter":"^https?://([^/]+\\.)?tns-counter\\.ru","load-type":["third-party"],"unless-domain":["*statistik-gallup.net","*tns-counter.ru","*tns-cs.net","*tnsglobal.com"]}},
{"action":{"type":"block-cookies"},"trigger":{"url-filter":"^https?://([^/]+\\.)?tns-cs\\.net","load-type":["third-party"],"unless-domain":["*statistik-gallup.net","*tns-counter.ru","*tns-cs.net","*tnsglobal.com"]}},
{"action":{"type":"block-cookies"},"trigger":{"url-filter":"^https?://([^/]+\\.)?tnsglobal\\.com","load-type":["third-party"],"unless-domain":["*statistik-gallup.net","*tns-counter.ru","*tns-cs.net","*tnsglobal.com"]}},
{"action":{"type":"block-cookies"},"trigger":{"url-filter":"^https?://([^/]+\\.)?trackersimulator\\.org","load-type":["third-party"],"unless-domain":["*do-not-tracker.org","*eff.org","*eviltracker.net","*trackersimulator.org"]}},
{"action":{"type":"block-cookies"},"trigger":{"url-filter":"^https?://([^/]+\\.)?trackingsoft\\.com","load-type":["third-party"],"unless-domain":["*roia.biz","*trackingsoft.com"]}},
{"action":{"type":"block-cookies"},"trigger":{"url-filter":"^https?://([^/]+\\.)?trafficfacts\\.com","load-type":["third-party"],"unless-domain":["*godaddy.com","*trafficfacts.com"]}},
{"action":{"type":"block-cookies"},"trigger":{"url-filter":"^https?://([^/]+\\.)?trafficscore\\.com","load-type":["third-party"],"unless-domain":["*trafficscore.com"]}},
{"action":{"type":"block-cookies"},"trigger":{"url-filter":"^https?://([^/]+\\.)?tweetdeck\\.com","load-type":["third-party"],"unless-domain":["*digits.com","*fabric.io","*tweetdeck.com","*twitter.com","*twitter.jp"]}},
{"action":{"type":"block-cookies"},"trigger":{"url-filter":"^https?://([^/]+\\.)?umbel\\.com","load-type":["third-party"],"unless-domain":["*umbel.com"]}},
{"action":{"type":"block-cookies"},"trigger":{"url-filter":"^https?://([^/]+\\.)?v12data\\.com","load-type":["third-party"],"unless-domain":["*v12group.com"]}},
{"action":{"type":"block-cookies"},"trigger":{"url-filter":"^https?://([^/]+\\.)?v12group\\.com","load-type":["third-party"],"unless-domain":["*v12group.com"]}},
{"action":{"type":"block-cookies"},"trigger":{"url-filter":"^https?://([^/]+\\.)?valuedopinions\\.co\\.uk","load-type":["third-party"],"unless-domain":["*researchnow.com","*valuedopinions.co.uk"]}},
{"action":{"type":"block-cookies"},"trigger":{"url-filter":"^https?://([^/]+\\.)?vertster\\.com","load-type":["third-party"],"unless-domain":["*vertster.com"]}},
{"action":{"type":"block-cookies"},"trigger":{"url-filter":"^https?://([^/]+\\.)?visistat\\.com","load-type":["third-party"],"unless-domain":["*id.kickfire.com","*sa-as.com"]}},
{"action":{"type":"block-cookies"},"trigger":{"url-filter":"^https?://([^/]+\\.)?visitorville\\.com","load-type":["third-party"],"unless-domain":["*pronunciator.com","*visitorville.com"]}},
{"action":{"type":"block-cookies"},"trigger":{"url-filter":"^https?://([^/]+\\.)?visitstreamer\\.com","load-type":["third-party"],"unless-domain":["*visitstreamer.com"]}},
{"action":{"type":"block-cookies"},"trigger":{"url-filter":"^https?://([^/]+\\.)?vistrac\\.com","load-type":["third-party"],"unless-domain":["*vistrac.com"]}},
{"action":{"type":"block-cookies"},"trigger":{"url-filter":"^https?://([^/]+\\.)?visualwebsiteoptimizer\\.com","load-type":["third-party"],"unless-domain":["*vwo.com","*wingify.com"]}},
{"action":{"type":"block-cookies"},"trigger":{"url-filter":"^https?://([^/]+\\.)?vizisense\\.com","load-type":["third-party"],"unless-domain":["*vizisense.com","*vizisense.net"]}},
{"action":{"type":"block-cookies"},"trigger":{"url-filter":"^https?://([^/]+\\.)?vizisense\\.net","load-type":["third-party"],"unless-domain":["*vizisense.com","*vizisense.net"]}},
{"action":{"type":"block-cookies"},"trigger":{"url-filter":"^https?://([^/]+\\.)?voicefive\\.com","load-type":["third-party"],"unless-domain":["*adxpose.com","*comscore.com","*scorecardresearch.com","*sitestat.com","*voicefive.com"]}},
{"action":{"type":"block-cookies"},"trigger":{"url-filter":"^https?://([^/]+\\.)?w3counter\\.com","load-type":["third-party"],"unless-domain":["*awio.com","*w3counter.com"]}},
{"action":{"type":"block-cookies"},"trigger":{"url-filter":"^https?://([^/]+\\.)?w3roi\\.com","load-type":["third-party"],"unless-domain":["*awio.com","*w3counter.com"]}},
{"action":{"type":"block-cookies"},"trigger":{"url-filter":"^https?://([^/]+\\.)?web-stat\\.com","load-type":["third-party"],"unless-domain":["*web-stat.com","*webtrackingservices.com"]}},
{"action":{"type":"block-cookies"},"trigger":{"url-filter":"^https?://([^/]+\\.)?webclicktracker\\.com","load-type":["third-party"],"unless-domain":["*webclicktracker.com"]}},
{"action":{"type":"block-cookies"},"trigger":{"url-filter":"^https?://([^/]+\\.)?webtrackingservices\\.com","load-type":["third-party"],"unless-domain":["*web-stat.com","*webtrackingservices.com"]}},
{"action":{"type":"block-cookies"},"trigger":{"url-filter":"^https?://([^/]+\\.)?webtraxs\\.com","load-type":["third-party"],"unless-domain":["*webtraxs.com"]}},
{"action":{"type":"block-cookies"},"trigger":{"url-filter":"^https?://([^/]+\\.)?webtrekk\\.com","load-type":["third-party"],"unless-domain":["*webtrekk.com","*webtrekk.net"]}},
{"action":{"type":"block-cookies"},"trigger":{"url-filter":"^https?://([^/]+\\.)?webtrekk\\.net","load-type":["third-party"],"unless-domain":["*webtrekk.com","*webtrekk.net"]}},
{"action":{"type":"block-cookies"},"trigger":{"url-filter":"^https?://([^/]+\\.)?webtrends\\.com","load-type":["third-party"],"unless-domain":["*webtrends.com"]}},
{"action":{"type":"block-cookies"},"trigger":{"url-filter":"^https?://([^/]+\\.)?webtrendslive\\.com","load-type":["third-party"],"unless-domain":["*webtrends.com"]}},
{"action":{"type":"block-cookies"},"trigger":{"url-filter":"^https?://([^/]+\\.)?whiteops\\.com","load-type":["third-party"],"unless-domain":["*adzmath.com","*whiteops.com"]}},
{"action":{"type":"block-cookies"},"trigger":{"url-filter":"^https?://([^/]+\\.)?wingify\\.com","load-type":["third-party"],"unless-domain":["*vwo.com","*wingify.com"]}},
{"action":{"type":"block-cookies"},"trigger":{"url-filter":"^https?://([^/]+\\.)?woopra-ns\\.com","load-type":["third-party"],"unless-domain":["*woopra-ns.com","*woopra.com"]}},
{"action":{"type":"block-cookies"},"trigger":{"url-filter":"^https?://([^/]+\\.)?woopra\\.com","load-type":["third-party"],"unless-domain":["*woopra-ns.com","*woopra.com"]}},
{"action":{"type":"block-cookies"},"trigger":{"url-filter":"^https?://([^/]+\\.)?wowanalytics\\.co\\.uk","load-type":["third-party"],"unless-domain":["*wowanalytics.co.uk"]}},
{"action":{"type":"block-cookies"},"trigger":{"url-filter":"^https?://([^/]+\\.)?wysistat\\.com","load-type":["third-party"],"unless-domain":["*wysistat.net"]}},
{"action":{"type":"block-cookies"},"trigger":{"url-filter":"^https?://([^/]+\\.)?xiti\\.com","load-type":["third-party"],"unless-domain":["*atinternet.com","*xiti.com"]}},
{"action":{"type":"block-cookies"},"trigger":{"url-filter":"^https?://([^/]+\\.)?y-track\\.com","load-type":["third-party"],"unless-domain":["*ysance.com"]}},
{"action":{"type":"block-cookies"},"trigger":{"url-filter":"^https?://([^/]+\\.)?yellowtracker\\.com","load-type":["third-party"],"unless-domain":["*yellowtracker.com"]}},
{"action":{"type":"block-cookies"},"trigger":{"url-filter":"^https?://([^/]+\\.)?zendesk\\.com","load-type":["third-party"],"unless-domain":["*zendesk.com"]}},
{"action":{"type":"block-cookies"},"trigger":{"url-filter":"^https?://([^/]+\\.)?zoominfo\\.com","load-type":["third-party"],"unless-domain":["*zoominfo.com"]}}
]