{"v":"5.9.0","fr":29.9700012207031,"ip":0,"op":53.0000021587343,"w":1194,"h":834,"nm":"Ipad-lanscape","ddd":0,"assets":[],"layers":[{"ddd":0,"ind":2,"ty":4,"nm":"Shape Layer 47","sr":1,"ks":{"o":{"a":0,"k":100,"ix":11},"r":{"a":0,"k":0,"ix":10},"p":{"a":0,"k":[616,467.55,0],"ix":2,"l":2},"a":{"a":0,"k":[0,0,0],"ix":1,"l":2},"s":{"a":0,"k":[-100,94,100],"ix":6,"l":2}},"ao":0,"shapes":[{"ty":"gr","it":[{"ty":"rc","d":1,"s":{"a":0,"k":[1296.703,1036.75],"ix":2},"p":{"a":0,"k":[0,0],"ix":3},"r":{"a":0,"k":0,"ix":4},"nm":"Rectangle Path 1","mn":"ADBE Vector Shape - Rect","hd":false},{"ty":"st","c":{"a":0,"k":[0.028263000413,0.019016000336,0.019016000336,1],"ix":3},"o":{"a":0,"k":100,"ix":4},"w":{"a":0,"k":0,"ix":5},"lc":1,"lj":1,"ml":4,"bm":0,"nm":"Stroke 1","mn":"ADBE Vector Graphic - Stroke","hd":false},{"ty":"gf","o":{"a":1,"k":[{"i":{"x":[0.833],"y":[0.833]},"o":{"x":[0.167],"y":[0.167]},"t":7.01,"s":[0]},{"i":{"x":[0.833],"y":[0.833]},"o":{"x":[0.167],"y":[0.167]},"t":28.04,"s":[100]},{"i":{"x":[0.833],"y":[0.833]},"o":{"x":[0.167],"y":[0.167]},"t":36.051,"s":[100]},{"t":52.0750599283918,"s":[0]}],"ix":10},"r":1,"bm":0,"g":{"p":7,"k":{"a":1,"k":[{"i":{"x":0.833,"y":0.833},"o":{"x":0.167,"y":0.167},"t":6.009,"s":[0.057,0.224,0.204,0.451,0.164,0.475,0.143,0.476,0.272,0.725,0.082,0.502,0.452,0.863,0.412,0.406,0.747,1,0.741,0.31,0.863,1,0.741,0.31,1,1,0.741,0.31,0,1,0.5,0.5,1,0]},{"i":{"x":0.833,"y":0.833},"o":{"x":0.167,"y":0.167},"t":28.04,"s":[0.057,0.224,0.204,0.451,0.164,0.475,0.143,0.476,0.272,0.725,0.082,0.502,0.452,0.863,0.412,0.406,0.747,1,0.741,0.31,0.863,1,0.741,0.31,1,1,0.741,0.31,0,1,0.5,1,1,1]},{"i":{"x":0.833,"y":0.833},"o":{"x":0.167,"y":0.167},"t":52.075,"s":[0.253,0.224,0.204,0.451,0.514,0.475,0.143,0.476,0.774,0.725,0.082,0.502,0.863,0.863,0.412,0.406,0.952,1,0.741,0.31,0.961,1,0.741,0.31,1,1,0.741,0.31,0,1,0.5,1,1,1]},{"t":62.0888103362602,"s":[0.253,0.224,0.204,0.451,0.514,0.475,0.143,0.476,0.774,0.725,0.082,0.502,0.863,0.863,0.412,0.406,0.952,1,0.741,0.31,0.961,1,0.741,0.31,1,1,0.741,0.31,0,1,0.5,1,1,1]}],"ix":9}},"s":{"a":0,"k":[860.094,-697.156],"ix":5},"e":{"a":1,"k":[{"i":{"x":0.36,"y":1},"o":{"x":0.28,"y":0},"t":6.009,"s":[643.695,-509.086],"to":[0,0],"ti":[0,0]},{"t":45.0650596428686,"s":[-10808.941,8603.844]}],"ix":6},"t":2,"h":{"a":0,"k":0,"ix":7},"a":{"a":0,"k":0,"ix":8},"nm":"Gradient Fill 1","mn":"ADBE Vector Graphic - G-Fill","hd":false},{"ty":"tr","p":{"a":0,"k":[0.352,-1.125],"ix":2},"a":{"a":0,"k":[0,0],"ix":1},"s":{"a":0,"k":[100,100],"ix":3},"r":{"a":0,"k":0,"ix":6},"o":{"a":0,"k":100,"ix":7},"sk":{"a":0,"k":0,"ix":4},"sa":{"a":0,"k":0,"ix":5},"nm":"Transform"}],"nm":"Rectangle 1","np":3,"cix":2,"bm":0,"ix":1,"mn":"ADBE Vector Group","hd":false}],"ip":-2.00287374081619,"op":193.277315988763,"st":7.01005809285668,"bm":0},{"ddd":0,"ind":3,"ty":4,"nm":"Shape Layer 48","sr":1,"ks":{"o":{"a":0,"k":100,"ix":11},"r":{"a":0,"k":0,"ix":10},"p":{"a":0,"k":[616,467.55,0],"ix":2,"l":2},"a":{"a":0,"k":[0,0,0],"ix":1,"l":2},"s":{"a":0,"k":[-100,94,100],"ix":6,"l":2}},"ao":0,"shapes":[{"ty":"gr","it":[{"ty":"rc","d":1,"s":{"a":0,"k":[1296.703,1036.75],"ix":2},"p":{"a":0,"k":[0,0],"ix":3},"r":{"a":0,"k":0,"ix":4},"nm":"Rectangle Path 1","mn":"ADBE Vector Shape - Rect","hd":false},{"ty":"st","c":{"a":0,"k":[0.028263000413,0.019016000336,0.019016000336,1],"ix":3},"o":{"a":0,"k":100,"ix":4},"w":{"a":0,"k":0,"ix":5},"lc":1,"lj":1,"ml":4,"bm":0,"nm":"Stroke 1","mn":"ADBE Vector Graphic - Stroke","hd":false},{"ty":"gf","o":{"a":1,"k":[{"i":{"x":[0.833],"y":[0.833]},"o":{"x":[0.167],"y":[0.167]},"t":7.01,"s":[0]},{"i":{"x":[0.833],"y":[0.833]},"o":{"x":[0.167],"y":[0.167]},"t":28.04,"s":[100]},{"i":{"x":[0.833],"y":[0.833]},"o":{"x":[0.167],"y":[0.167]},"t":36.051,"s":[100]},{"t":52.0750599283918,"s":[0]}],"ix":10},"r":1,"bm":0,"g":{"p":7,"k":{"a":1,"k":[{"i":{"x":0.833,"y":0.833},"o":{"x":0.167,"y":0.167},"t":6.009,"s":[0.057,0.224,0.204,0.451,0.164,0.475,0.143,0.476,0.272,0.725,0.082,0.502,0.452,0.863,0.412,0.406,0.747,1,0.741,0.31,0.863,1,0.741,0.31,1,1,0.741,0.31,0,1,0.5,0.5,1,0]},{"i":{"x":0.833,"y":0.833},"o":{"x":0.167,"y":0.167},"t":24.035,"s":[0.057,0.224,0.204,0.451,0.164,0.475,0.143,0.476,0.272,0.725,0.082,0.502,0.452,0.863,0.412,0.406,0.747,1,0.741,0.31,0.863,1,0.741,0.31,1,1,0.741,0.31,0,1,0.5,0.909,1,0.818]},{"i":{"x":0.833,"y":0.833},"o":{"x":0.167,"y":0.167},"t":28.04,"s":[0.057,0.224,0.204,0.451,0.164,0.475,0.143,0.476,0.272,0.725,0.082,0.502,0.452,0.863,0.412,0.406,0.747,1,0.741,0.31,0.863,1,0.741,0.31,1,1,0.741,0.31,0,1,0.5,1,1,1]},{"i":{"x":0.833,"y":0.833},"o":{"x":0.167,"y":0.167},"t":52.075,"s":[0.253,0.224,0.204,0.451,0.514,0.475,0.143,0.476,0.774,0.725,0.082,0.502,0.863,0.863,0.412,0.406,0.952,1,0.741,0.31,0.961,1,0.741,0.31,1,1,0.741,0.31,0,1,0.5,1,1,1]},{"t":62.0888103362602,"s":[0.253,0.224,0.204,0.451,0.514,0.475,0.143,0.476,0.774,0.725,0.082,0.502,0.863,0.863,0.412,0.406,0.952,1,0.741,0.31,0.961,1,0.741,0.31,1,1,0.741,0.31,0,1,0.5,1,1,1]}],"ix":9}},"s":{"a":0,"k":[860.094,-697.156],"ix":5},"e":{"a":1,"k":[{"i":{"x":0.36,"y":1},"o":{"x":0.28,"y":0},"t":6.009,"s":[643.695,-509.086],"to":[0,0],"ti":[0,0]},{"t":45.0650596428686,"s":[-10808.941,8603.844]}],"ix":6},"t":2,"h":{"a":0,"k":0,"ix":7},"a":{"a":0,"k":0,"ix":8},"nm":"Gradient Fill 1","mn":"ADBE Vector Graphic - G-Fill","hd":false},{"ty":"tr","p":{"a":0,"k":[0.352,-1.125],"ix":2},"a":{"a":0,"k":[0,0],"ix":1},"s":{"a":0,"k":[100,100],"ix":3},"r":{"a":0,"k":0,"ix":6},"o":{"a":0,"k":100,"ix":7},"sk":{"a":0,"k":0,"ix":4},"sa":{"a":0,"k":0,"ix":5},"nm":"Transform"}],"nm":"Rectangle 1","np":3,"cix":2,"bm":0,"ix":1,"mn":"ADBE Vector Group","hd":false}],"ip":-2.00287374081619,"op":193.277315988763,"st":7.01005809285668,"bm":0}],"markers":[]}