{
    "status": 1,
    "recommendations": [{
        "id": 2091,
        "url": "https://www.washingtonian.com/2022/03/15/the-us-tried-permanent-daylight-saving-time-in-the-70s-people-hated-it/?utm_source=pocket-newtab",
        "title": "The US Tried Permanent Daylight Saving Time in the ’70s. People Hated It",
        "excerpt": "The number one complaint: Children had to go to school in the dark.:",
        "domain": "washingtonian.com",
        "image_src": "https://img-getpocket.cdn.mozilla.net/direct?url=https%3A%2F%2Fwww.washingtonian.com%2Fwp-content%2Fuploads%2F2022%2F03%2FDarkness-Time-Washington-Post.png&resize=w450",
        "published_timestamp": "1332306000",
        "sort_id": 0
    }, {
        "id": 2092,
        "url": "https://getpocket.com/explore/item/poor-teeth?utm_source=pocket-newtab",
        "title": "Poor Teeth",
        "time_to_read": 11,
        "excerpt": "If you have a mouthful of teeth shaped by a childhood in poverty, don’t go knocking on the door of American privilege.",
        "domain": "aeon.co",
        "image_src": "https://img-getpocket.cdn.mozilla.net/direct?url=https%3A%2F%2Fpocket-image-cache.com%2F1200x%2Ffilters%3Aformat%28jpg%29%3Aextract_focal%28%29%2Fhttps%253A%252F%252Fs3.amazonaws.com%252Fpocket-syndicated-images%252Farticles%252F1923%252F1571076802_GettyImages-626006674.jpg&resize=w450",
        "published_timestamp": "1500267600",
        "sort_id": 1
    }, {
        "id": 2093,
        "url": "https://www.esquire.com/entertainment/movies/g3342/best-documentaries-of-all-time/?utm_source=pocket-newtab",
        "title": "38 Documentaries That Will Change Your Life",
        "time_to_read": 10,
        "excerpt": "These investigative films examine crime, celebrity, the justice system, and more—and in some cases have sparked real-world change.",
        "domain": "esquire.com",
        "image_src": "https://img-getpocket.cdn.mozilla.net/direct?url=https%3A%2F%2Fhips.hearstapps.com%2Fhmg-prod.s3.amazonaws.com%2Fimages%2Fbest-docs-1605797749.jpg%3Fcrop%3D1.00xw%3A1.00xh%3B0%2C0%26resize%3D1200%3A%2A&resize=w450",
        "published_timestamp": "1500267600",
        "sort_id": 2
    }, {
        "id": 2094,
        "url": "https://www.texasmonthly.com/news-politics/texan-face-of-rt-america/?utm_source=pocket-newtab",
        "title": "How a 27-Year-Old Texan Became the Face of Russia’s American TV Network As It Imploded",
        "time_to_read": 9,
        "excerpt": "RT America had to fold when it was kicked off the air after the Ukraine invasion. But Rachel Blevins is still broadcasting Kremlin propaganda.",
        "domain": "texasmonthly.com",
        "image_src": "https://img-getpocket.cdn.mozilla.net/direct?url=https%3A%2F%2Fimg.texasmonthly.com%2F2022%2F03%2Frachel-blevins.jpg%3Fauto%3Dcompress%26crop%3Dfaces%26fit%3Dcrop%26fm%3Dpjpg%26h%3D750%26ixlib%3Dphp-1.2.1%26q%3D45%26w%3D1200%26wpsize%3Dlandscape-1200&resize=w450",
        "published_timestamp": "1500267600",
        "sort_id": 3
    }, {
        "id": 2095,
        "url": "https://hbr.org/2022/03/stop-wasting-peoples-time-with-bad-meetings?utm_source=pocket-newtab",
        "title": "Stop Wasting People’s Time with Meetings",
        "time_to_read": 8,
        "excerpt": "Some organizations are trying to get a grip on wasteful meetings, introducing no-meeting days, empowering people to make their own decisions, and improving the way meetings are planned and facilitated.",
        "domain": "hbr.org",
        "image_src": "https://img-getpocket.cdn.mozilla.net/direct?url=https%3A%2F%2Fhbr.org%2Fresources%2Fimages%2Farticle_assets%2F2022%2F03%2FMar22_14_71925114.jpg&resize=w450",
        "published_timestamp": "1500267600",
        "sort_id": 4
    }, {
        "id": 2096,
        "url": "https://getpocket.com/explore/item/how-do-they-dye-the-chicago-river-green-for-st-patrick-s-day?utm_source=pocket-newtab",
        "title": "The 50-year-old formula is kept under lock and key.",
        "time_to_read": 7,
        "excerpt": "Five years ago Best Buy Co. looked like a retail dinosaur, another victim of e-commerce juggernaut Amazon.com and other online sellers.",
        "domain": "mentalfloss.com",
        "image_src": "https://img-getpocket.cdn.mozilla.net/direct?url=https%3A%2F%2Fpocket-image-cache.com%2F1200x%2Ffilters%3Aformat%28jpg%29%3Aextract_focal%28%29%2Fhttps%253A%252F%252Fs3.amazonaws.com%252Fpocket-syndicated-images%252Farticles%252F1576%252F1568134447_GettyImages-933074326.jpg&resize=w450",
        "published_timestamp": "1500267600",
        "sort_id": 5
    }, {
        "id": 2097,
        "url": "https://nymag.com/intelligencer/article/ukraine-war-diary.html?utm_source=pocket-newtab",
        "title": "Sixteen Days in Ukraine",
        "time_to_read": 6,
        "excerpt": "The first generation born after Ukraine won independence documents the beginning of the Russian invasion.",
        "domain": "nymag.com",
        "image_src": "https://img-getpocket.cdn.mozilla.net/direct?url=https%3A%2F%2Fpyxis.nymag.com%2Fv1%2Fimgs%2F5d9%2Faa3%2F0a6b7e15e3239b30a9c061b44b496c1d80-Cover-Nastya-MPA-6122-2.1x.rsocial.w1200.jpg&resize=w450",
        "published_timestamp": "1500267600",
        "sort_id": 6
    }, {
        "id": 2098,
        "url": "https://getpocket.com/explore/item/this-kitchen-has-a-coffee-station-pantry-and-wine-fridge-but-you-d-never-know?utm_source=pocket-newtab",
        "title": "This Kitchen Has a Coffee Station, Pantry, and Wine Fridge—But You’d Never Know",
        "time_to_read": 5,
        "excerpt": "The Montana space is a master of disguise.",
        "domain": "nymag.com",
        "image_src": "https://img-getpocket.cdn.mozilla.net/direct?url=https%3A%2F%2Fpocket-image-cache.com%2F1200x%2Ffilters%3Aformat%28jpg%29%3Aextract_focal%28%29%2Fhttps%253A%252F%252Fpocket-syndicated-images.s3.amazonaws.com%252Farticles%252F6838%252F1629417168_611eedc54dd4b.png&resize=w450",
        "published_timestamp": "1500267600",
        "sort_id": 7
    }, {
        "id": 2099,
        "url": "https://getpocket.com/explore/item/dismantling-my-dreams-one-brick-at-a-time?utm_source=pocket-newtab",
        "title": "Dismantling My Dreams, One Brick at a Time",
        "time_to_read": 4,
        "excerpt": "We lived out our fantasy to flip a house. We will never do it again.",
        "domain": "slate.com",
        "image_src": "https://img-getpocket.cdn.mozilla.net/direct?url=https%3A%2F%2Fpocket-image-cache.com%2F1200x%2Ffilters%3Aformat%28jpg%29%3Aextract_focal%28%29%2Fhttps%253A%252F%252Fpocket-syndicated-images.s3.amazonaws.com%252Farticles%252F3596%252F1583418134_Screenshot_2020-03-05WeFlippedaHouseandTurnedOurDreamIntoRealityItWasaTotalNightmare.png&resize=w450",
        "published_timestamp": "1500267600",
        "sort_id": 8
    }, {
        "id": 2100,
        "url": "https://getpocket.com/explore/item/yes-smiling-depression-is-a-thing-here-s-how-to-know-if-you-have-it?utm_source=pocket-newtab",
        "title": "Yes, ‘Smiling Depression’ Is a Thing—Here’s How to Know if You Have It",
        "time_to_read": 3,
        "excerpt": "Depression doesn't look the same for everyone.",
        "domain": "womenshealthmag.com",
        "image_src": "https://img-getpocket.cdn.mozilla.net/direct?url=https%3A%2F%2Fpocket-image-cache.com%2F1200x%2Ffilters%3Aformat%28jpg%29%3Aextract_focal%28%29%2Fhttps%253A%252F%252Fpocket-syndicated-images.s3.amazonaws.com%252Farticles%252F6571%252F1626401543_60f0eafa512f9.png&resize=w450",
        "published_timestamp": "1500267600",
        "sort_id": 9
    }, {
        "id": 2101,
        "url": "https://getpocket.com/explore/item/8-rules-to-do-everything-better?utm_source=pocket-newtab",
        "title": "8 Rules to Do Everything Better",
        "time_to_read": 2,
        "excerpt": "The most important principles to grow your body and mind.",
        "domain": "bradstulberg.com",
        "image_src": "https://img-getpocket.cdn.mozilla.net/direct?url=https%3A%2F%2Fpocket-image-cache.com%2F1200x%2Ffilters%3Aformat%28jpg%29%3Aextract_focal%28%29%2Fhttps%253A%252F%252Fs3.amazonaws.com%252Fpocket-syndicated-images%252Farticles%252F1416%252F1567460290_5d5ab2716b9f9.jpg&resize=w450",
        "published_timestamp": "1500267600",
        "sort_id": 10
    }]
}
